,OrderNumber,OrderGuid,ShipmentNumber,ShipmentStatus,DispatchDate,TrackingNumber,ShippingCompany,Comments,CreatedOn,CreatedBy,LastModifiedBy,SalesShipmentLines,Guid,LastModifiedOn
0,SO-00000123,9c659435-20b7-4a3d-b05d-707e6b47b0ef,SS-00000123,Dispatched,2021-06-14 12:00:00,,,,2021-06-14 13:02:13.916,admin,admin,"[{'LineNumber': 1, 'Product': {'Guid': 'fa8403d6-b438-4b4c-ad47-96c5ca686c98', 'ProductCode': 'SHELF', 'ProductDescription': 'Bookshelf Shelf'}, 'ShipmentQty': 30.0, 'UnitCost': 86.3, 'CreatedOn': '/Date(1623632533916)/', 'CreatedBy': 'admin', 'LastModifiedBy': 'admin', 'SalesOrderLineNumber': 1, 'SalesOrderLineId': 157, 'SerialNumbers': None, 'BatchNumbers': None, 'Guid': '56726272-f6d4-4450-a63c-d35540143d0f', 'LastModifiedOn': '/Date(1623632533916)/'}, {'LineNumber': 2, 'Product': {'Guid': 'db69788b-b294-4cd3-9948-558912bbda80', 'ProductCode': 'STAIN', 'ProductDescription': 'Dark Wood Stain'}, 'ShipmentQty': 2.0, 'UnitCost': 80.822, 'CreatedOn': '/Date(1623632533916)/', 'CreatedBy': 'admin', 'LastModifiedBy': 'admin', 'SalesOrderLineNumber': 2, 'SalesOrderLineId': 158, 'SerialNumbers': None, 'BatchNumbers': None, 'Guid': '6a8d300c-1bd7-409b-959a-86b85a47efe3', 'LastModifiedOn': '/Date(1623632533916)/'}, {'LineNumber': 3, 'Product': {'Guid': '92749139-34bf-44a7-bfb1-e0aff00e137a', 'ProductCode': 'COUCH2', 'ProductDescription': '2-Seater Couch'}, 'ShipmentQty': 10.0, 'UnitCost': 8.5, 'CreatedOn': '/Date(1623632533916)/', 'CreatedBy': 'admin', 'LastModifiedBy': 'admin', 'SalesOrderLineNumber': 3, 'SalesOrderLineId': 159, 'SerialNumbers': None, 'BatchNumbers': None, 'Guid': '5adac09e-d017-4916-895f-41b0225fa2e0', 'LastModifiedOn': '/Date(1623632533916)/'}]",2dad724a-4221-4484-b0c1-ad8cff74159e,2021-06-14 13:02:13.916
1,SO-00000122,80dc68b6-5050-4f4f-a617-8ed5aa838a03,SS-00000122,Dispatched,2021-06-13 12:00:00,,,,2021-06-13 13:02:13.916,admin,admin,"[{'LineNumber': 1, 'Product': {'Guid': 'e57b4130-ca43-429d-9adf-2d88086d8b3d', 'ProductCode': 'CHAIR', 'ProductDescription': 'Lounge Chair'}, 'ShipmentQty': 20.0, 'UnitCost': 489.123, 'CreatedOn': '/Date(1623546133916)/', 'CreatedBy': 'admin', 'LastModifiedBy': 'admin', 'SalesOrderLineNumber': 1, 'SalesOrderLineId': 156, 'SerialNumbers': None, 'BatchNumbers': None, 'Guid': '0771c874-8aea-4faf-8575-62b918dd43f1', 'LastModifiedOn': '/Date(1623546133916)/'}]",80d4bb85-2942-44a6-89a0-bdd2de026321,2021-06-13 13:02:13.916
2,SO-00000121,5d0ee858-ac92-4eb1-8500-ed6f3e04d3b0,SS-00000121,Dispatched,2021-06-10 12:00:00,,,,2021-06-10 13:02:13.916,admin,admin,"[{'LineNumber': 1, 'Product': {'Guid': '861fd41a-9cbb-49b1-b35f-651867ef6503', 'ProductCode': 'SIDE', 'ProductDescription': 'Bookshelf Side'}, 'ShipmentQty': 10.0, 'UnitCost': 804.39, 'CreatedOn': '/Date(1623286933916)/', 'CreatedBy': 'admin', 'LastModifiedBy': 'admin', 'SalesOrderLineNumber': 1, 'SalesOrderLineId': 155, 'SerialNumbers': None, 'BatchNumbers': None, 'Guid': '30fc8549-f23a-4a99-9af0-5cd06dac0695', 'LastModifiedOn': '/Date(1623286933916)/'}]",72b71ade-8617-489d-8684-0bd17aece3b4,2021-06-10 13:02:13.916
3,SO-00000120,0cb4d99e-088b-4ea2-a2c9-ceba78d6345d,SS-00000120,Dispatched,2021-06-08 12:00:00,,,,2021-06-08 13:02:13.916,admin,admin,"[{'LineNumber': 1, 'Product': {'Guid': 'db69788b-b294-4cd3-9948-558912bbda80', 'ProductCode': 'STAIN', 'ProductDescription': 'Dark Wood Stain'}, 'ShipmentQty': 12.0, 'UnitCost': 80.822, 'CreatedOn': '/Date(1623114133916)/', 'CreatedBy': 'admin', 'LastModifiedBy': 'admin', 'SalesOrderLineNumber': 1, 'SalesOrderLineId': 154, 'SerialNumbers': None, 'BatchNumbers': None, 'Guid': 'b885769e-e304-427a-94d1-ff7f841e4129', 'LastModifiedOn': '/Date(1623114133916)/'}]",22e9622e-fc85-4c80-83c6-d67167406565,2021-06-08 13:02:13.916
4,SO-00000119,cc80a652-4efc-4235-92d2-e31b316c7e8a,SS-00000119,Dispatched,2021-06-05 12:00:00,,,,2021-06-05 13:02:13.916,admin,admin,"[{'LineNumber': 1, 'Product': {'Guid': 'fa8403d6-b438-4b4c-ad47-96c5ca686c98', 'ProductCode': 'SHELF', 'ProductDescription': 'Bookshelf Shelf'}, 'ShipmentQty': 25.0, 'UnitCost': 86.3, 'CreatedOn': '/Date(1622854933916)/', 'CreatedBy': 'admin', 'LastModifiedBy': 'admin', 'SalesOrderLineNumber': 1, 'SalesOrderLineId': 153, 'SerialNumbers': None, 'BatchNumbers': None, 'Guid': 'c8642423-6092-4e5b-84a2-3114d6ad5ff4', 'LastModifiedOn': '/Date(1622854933916)/'}]",0498363b-5eeb-4e40-b840-e6480a5771a0,2021-06-05 13:02:13.916
5,SO-00000118,3e174343-50c6-4fc7-bc4e-2568654e1e66,SS-00000118,Dispatched,2021-06-03 12:00:00,,,,2021-06-03 13:02:13.916,admin,admin,"[{'LineNumber': 1, 'Product': {'Guid': '871bcd30-c636-4fe2-a5a0-734bdf961b6c', 'ProductCode': 'BOOKSHELF', 'ProductDescription': 'Wooden Bookshelf'}, 'ShipmentQty': 4.0, 'UnitCost': 1774.934, 'CreatedOn': '/Date(1622682133916)/', 'CreatedBy': 'admin', 'LastModifiedBy': 'admin', 'SalesOrderLineNumber': 1, 'SalesOrderLineId': 152, 'SerialNumbers': None, 'BatchNumbers': None, 'Guid': 'f8eb89a6-4d42-4b85-84bb-cec1435a0dd7', 'LastModifiedOn': '/Date(1622682133916)/'}]",fe9d1b03-ac42-4eb6-aee3-9c943deaf91c,2021-06-03 13:02:13.916
6,SO-00000117,045d6d6a-8edd-4e7b-b7e3-ab04c647ddc9,SS-00000117,Dispatched,2021-05-31 12:00:00,,,,2021-05-31 13:02:13.916,admin,admin,"[{'LineNumber': 1, 'Product': {'Guid': '871bcd30-c636-4fe2-a5a0-734bdf961b6c', 'ProductCode': 'BOOKSHELF', 'ProductDescription': 'Wooden Bookshelf'}, 'ShipmentQty': 8.0, 'UnitCost': 1774.732, 'CreatedOn': '/Date(1622422933916)/', 'CreatedBy': 'admin', 'LastModifiedBy': 'admin', 'SalesOrderLineNumber': 1, 'SalesOrderLineId': 151, 'SerialNumbers': None, 'BatchNumbers': None, 'Guid': 'dab329e8-e897-4977-a87d-defc8d99c48e', 'LastModifiedOn': '/Date(1622422933916)/'}]",55b0bb15-0dbb-491f-b6e2-b20235be995d,2021-05-31 13:02:13.916
7,SO-00000116,b0c6303c-b7d0-4f09-a3c0-7452deb7d717,SS-00000116,Dispatched,2021-05-28 12:00:00,,,,2021-05-28 13:02:13.916,admin,admin,"[{'LineNumber': 1, 'Product': {'Guid': '861fd41a-9cbb-49b1-b35f-651867ef6503', 'ProductCode': 'SIDE', 'ProductDescription': 'Bookshelf Side'}, 'ShipmentQty': 6.0, 'UnitCost': 804.39, 'CreatedOn': '/Date(1622163733916)/', 'CreatedBy': 'admin', 'LastModifiedBy': 'admin', 'SalesOrderLineNumber': 1, 'SalesOrderLineId': 150, 'SerialNumbers': None, 'BatchNumbers': None, 'Guid': 'a46a26be-de12-4bc8-a9a0-510e7f5044b2', 'LastModifiedOn': '/Date(1622163733916)/'}]",51ee37b5-17d6-454c-8743-79322bbcbd6c,2021-05-28 13:02:13.916
8,SO-00000115,c109f077-32db-4d96-9b2b-57c6efcf03fa,SS-00000115,Dispatched,2021-05-24 12:00:00,,,,2021-05-24 13:02:13.916,admin,admin,"[{'LineNumber': 1, 'Product': {'Guid': '7b0eda5d-b873-4cd5-8ca0-0d4d279bfbb8', 'ProductCode': 'DINING', 'ProductDescription': ' Dining Table'}, 'ShipmentQty': 12.0, 'UnitCost': 40.429, 'CreatedOn': '/Date(1621818133916)/', 'CreatedBy': 'admin', 'LastModifiedBy': 'admin', 'SalesOrderLineNumber': 2, 'SalesOrderLineId': 148, 'SerialNumbers': None, 'BatchNumbers': None, 'Guid': 'fb88fa62-ef34-4c93-b974-8bd3efc24660', 'LastModifiedOn': '/Date(1621818133916)/'}, {'LineNumber': 2, 'Product': {'Guid': 'db69788b-b294-4cd3-9948-558912bbda80', 'ProductCode': 'STAIN', 'ProductDescription': 'Dark Wood Stain'}, 'ShipmentQty': 5.0, 'UnitCost': 80.822, 'CreatedOn': '/Date(1621818133916)/', 'CreatedBy': 'admin', 'LastModifiedBy': 'admin', 'SalesOrderLineNumber': 3, 'SalesOrderLineId': 149, 'SerialNumbers': None, 'BatchNumbers': None, 'Guid': '12919f00-09b5-41b9-97ea-79b4f6efd12a', 'LastModifiedOn': '/Date(1621818133916)/'}]",d965cfe2-410a-45d0-9d6d-95b7505ab544,2021-05-24 13:02:13.916
9,SO-00000114,b0341c6c-4e43-4be4-8cbd-3f68666e0b00,SS-00000114,Dispatched,2021-05-21 12:00:00,,,,2021-05-21 13:02:13.916,admin,admin,"[{'LineNumber': 1, 'Product': {'Guid': 'e57b4130-ca43-429d-9adf-2d88086d8b3d', 'ProductCode': 'CHAIR', 'ProductDescription': 'Lounge Chair'}, 'ShipmentQty': 20.0, 'UnitCost': 489.123, 'CreatedOn': '/Date(1621558933916)/', 'CreatedBy': 'admin', 'LastModifiedBy': 'admin', 'SalesOrderLineNumber': 1, 'SalesOrderLineId': 146, 'SerialNumbers': None, 'BatchNumbers': None, 'Guid': '596f19de-13f6-49f6-b329-8e5b70734316', 'LastModifiedOn': '/Date(1621558933916)/'}]",6aa5996b-b801-4653-a2c4-b3cecf801721,2021-05-21 13:02:13.916
10,SO-00000113,40cb4e7c-aae9-4ec5-9353-c8fd1e851203,SS-00000113,Dispatched,2021-05-17 12:00:00,,,,2021-05-17 13:02:13.916,admin,admin,"[{'LineNumber': 1, 'Product': {'Guid': 'db69788b-b294-4cd3-9948-558912bbda80', 'ProductCode': 'STAIN', 'ProductDescription': 'Dark Wood Stain'}, 'ShipmentQty': 6.0, 'UnitCost': 80.822, 'CreatedOn': '/Date(1621213333916)/', 'CreatedBy': 'admin', 'LastModifiedBy': 'admin', 'SalesOrderLineNumber': 1, 'SalesOrderLineId': 144, 'SerialNumbers': None, 'BatchNumbers': None, 'Guid': '7abd2249-9906-4613-a57c-38a0058ecc0e', 'LastModifiedOn': '/Date(1621213333916)/'}, {'LineNumber': 2, 'Product': {'Guid': 'fa8403d6-b438-4b4c-ad47-96c5ca686c98', 'ProductCode': 'SHELF', 'ProductDescription': 'Bookshelf Shelf'}, 'ShipmentQty': 18.0, 'UnitCost': 86.3, 'CreatedOn': '/Date(1621213333916)/', 'CreatedBy': 'admin', 'LastModifiedBy': 'admin', 'SalesOrderLineNumber': 2, 'SalesOrderLineId': 145, 'SerialNumbers': None, 'BatchNumbers': None, 'Guid': '161db084-4026-4562-81c9-840e3cdadeba', 'LastModifiedOn': '/Date(1621213333916)/'}]",9709f7b5-b400-4b45-bd60-1af80f422af0,2021-05-17 13:02:13.916
11,SO-00000112,c7278df7-6306-4756-a529-a9f85e694322,SS-00000112,Dispatched,2021-05-14 12:00:00,,,,2021-05-14 13:02:13.916,admin,admin,"[{'LineNumber': 1, 'Product': {'Guid': '7b0eda5d-b873-4cd5-8ca0-0d4d279bfbb8', 'ProductCode': 'DINING', 'ProductDescription': ' Dining Table'}, 'ShipmentQty': 20.0, 'UnitCost': 40.429, 'CreatedOn': '/Date(1620954133916)/', 'CreatedBy': 'admin', 'LastModifiedBy': 'admin', 'SalesOrderLineNumber': 1, 'SalesOrderLineId': 143, 'SerialNumbers': None, 'BatchNumbers': None, 'Guid': 'c3178815-cf2c-4147-a440-ec78073bb43d', 'LastModifiedOn': '/Date(1620954133916)/'}]",9a549f92-3c84-4a6c-bc77-f9edc3d136b2,2021-05-14 13:02:13.916
12,SO-00000111,d81392af-a559-405f-bfeb-90bf370c0faa,SS-00000111,Dispatched,2021-05-11 12:00:00,,,,2021-05-11 13:02:13.916,admin,admin,"[{'LineNumber': 1, 'Product': {'Guid': 'fa8403d6-b438-4b4c-ad47-96c5ca686c98', 'ProductCode': 'SHELF', 'ProductDescription': 'Bookshelf Shelf'}, 'ShipmentQty': 35.0, 'UnitCost': 86.3, 'CreatedOn': '/Date(1620694933916)/', 'CreatedBy': 'admin', 'LastModifiedBy': 'admin', 'SalesOrderLineNumber': 1, 'SalesOrderLineId': 142, 'SerialNumbers': None, 'BatchNumbers': None, 'Guid': '82f79f39-5915-470c-bb85-7c2d9c787b86', 'LastModifiedOn': '/Date(1620694933916)/'}]",992e2465-2812-4c4b-b1e0-386b9fda6966,2021-05-11 13:02:13.916
13,SO-00000110,0a042a24-dcd4-4800-a520-fa01166b5937,SS-00000110,Dispatched,2021-05-09 12:00:00,,,,2021-05-09 13:02:13.916,admin,admin,"[{'LineNumber': 1, 'Product': {'Guid': '871bcd30-c636-4fe2-a5a0-734bdf961b6c', 'ProductCode': 'BOOKSHELF', 'ProductDescription': 'Wooden Bookshelf'}, 'ShipmentQty': 8.0, 'UnitCost': 1773.746, 'CreatedOn': '/Date(1620522133916)/', 'CreatedBy': 'admin', 'LastModifiedBy': 'admin', 'SalesOrderLineNumber': 1, 'SalesOrderLineId': 141, 'SerialNumbers': None, 'BatchNumbers': None, 'Guid': 'd65b405b-cfbd-475c-8397-1a1319fb9f84', 'LastModifiedOn': '/Date(1620522133916)/'}]",713c361d-02e5-449b-9773-5fa64a31c762,2021-05-09 13:02:13.916
14,SO-00000109,c23b0d4e-7799-4f2d-8700-19d8e022e973,SS-00000109,Dispatched,2021-05-03 12:00:00,,,,2021-05-03 13:02:13.916,admin,admin,"[{'LineNumber': 1, 'Product': {'Guid': '871bcd30-c636-4fe2-a5a0-734bdf961b6c', 'ProductCode': 'BOOKSHELF', 'ProductDescription': 'Wooden Bookshelf'}, 'ShipmentQty': 10.0, 'UnitCost': 1772.736, 'CreatedOn': '/Date(1620003733916)/', 'CreatedBy': 'admin', 'LastModifiedBy': 'admin', 'SalesOrderLineNumber': 1, 'SalesOrderLineId': 140, 'SerialNumbers': None, 'BatchNumbers': None, 'Guid': '53772248-d7dc-4ee6-b130-79d101dab434', 'LastModifiedOn': '/Date(1620003733916)/'}]",6b84917c-a0f5-4a73-9c6f-27bffa246f1f,2021-05-03 13:02:13.916
15,SO-00000108,2d8a96b1-7e6c-4f88-abcd-9ffb6e3d918e,SS-00000108,Dispatched,2021-04-23 12:00:00,,,,2021-04-23 13:02:13.916,admin,admin,"[{'LineNumber': 1, 'Product': {'Guid': '861fd41a-9cbb-49b1-b35f-651867ef6503', 'ProductCode': 'SIDE', 'ProductDescription': 'Bookshelf Side'}, 'ShipmentQty': 5.0, 'UnitCost': 804.39, 'CreatedOn': '/Date(1619139733916)/', 'CreatedBy': 'admin', 'LastModifiedBy': 'admin', 'SalesOrderLineNumber': 1, 'SalesOrderLineId': 139, 'SerialNumbers': None, 'BatchNumbers': None, 'Guid': 'a2d3658c-4533-4d2d-bfa9-98c6a1f6b46d', 'LastModifiedOn': '/Date(1619139733916)/'}]",c388fe2f-bf4d-45d6-b662-28c0422dd2a8,2021-04-23 13:02:13.916
16,SO-00000107,dde1b399-3369-487f-9831-3848a57d6c9c,SS-00000107,Dispatched,2021-04-14 12:00:00,,,,2021-04-14 13:02:13.916,admin,admin,"[{'LineNumber': 1, 'Product': {'Guid': '861fd41a-9cbb-49b1-b35f-651867ef6503', 'ProductCode': 'SIDE', 'ProductDescription': 'Bookshelf Side'}, 'ShipmentQty': 4.0, 'UnitCost': 804.39, 'CreatedOn': '/Date(1618362133916)/', 'CreatedBy': 'admin', 'LastModifiedBy': 'admin', 'SalesOrderLineNumber': 1, 'SalesOrderLineId': 138, 'SerialNumbers': None, 'BatchNumbers': None, 'Guid': '63ce3b23-186e-45a7-bed9-9a1aec25750b', 'LastModifiedOn': '/Date(1618362133916)/'}]",694e3a3d-c33c-4ab2-bd83-b0d8c827c83d,2021-04-14 13:02:13.916
17,SO-00000106,6ea19ea0-2541-4fc5-af41-f232b834f078,SS-00000106,Dispatched,2021-04-07 12:00:00,,,,2021-04-07 13:02:13.916,admin,admin,"[{'LineNumber': 1, 'Product': {'Guid': '871bcd30-c636-4fe2-a5a0-734bdf961b6c', 'ProductCode': 'BOOKSHELF', 'ProductDescription': 'Wooden Bookshelf'}, 'ShipmentQty': 3.0, 'UnitCost': 1771.289, 'CreatedOn': '/Date(1617757333916)/', 'CreatedBy': 'admin', 'LastModifiedBy': 'admin', 'SalesOrderLineNumber': 1, 'SalesOrderLineId': 134, 'SerialNumbers': None, 'BatchNumbers': None, 'Guid': '66cf65e1-10d6-4a12-9522-74fba718e60d', 'LastModifiedOn': '/Date(1617757333916)/'}, {'LineNumber': 2, 'Product': {'Guid': 'db69788b-b294-4cd3-9948-558912bbda80', 'ProductCode': 'STAIN', 'ProductDescription': 'Dark Wood Stain'}, 'ShipmentQty': 2.0, 'UnitCost': 80.822, 'CreatedOn': '/Date(1617757333916)/', 'CreatedBy': 'admin', 'LastModifiedBy': 'admin', 'SalesOrderLineNumber': 2, 'SalesOrderLineId': 135, 'SerialNumbers': None, 'BatchNumbers': None, 'Guid': 'f6992973-5cf1-4e94-83f5-98188f2481f2', 'LastModifiedOn': '/Date(1617757333916)/'}, {'LineNumber': 3, 'Product': {'Guid': '74e86d55-dab8-4142-9f90-befd18e71b59', 'ProductCode': 'COUCH3', 'ProductDescription': '3-Seater Couch'}, 'ShipmentQty': 4.0, 'UnitCost': 67.8, 'CreatedOn': '/Date(1617757333916)/', 'CreatedBy': 'admin', 'LastModifiedBy': 'admin', 'SalesOrderLineNumber': 3, 'SalesOrderLineId': 136, 'SerialNumbers': None, 'BatchNumbers': None, 'Guid': 'c00c621d-916d-4b58-94e6-da90faf10cca', 'LastModifiedOn': '/Date(1617757333916)/'}, {'LineNumber': 4, 'Product': {'Guid': 'fa8403d6-b438-4b4c-ad47-96c5ca686c98', 'ProductCode': 'SHELF', 'ProductDescription': 'Bookshelf Shelf'}, 'ShipmentQty': 10.0, 'UnitCost': 86.3, 'CreatedOn': '/Date(1617757333916)/', 'CreatedBy': 'admin', 'LastModifiedBy': 'admin', 'SalesOrderLineNumber': 4, 'SalesOrderLineId': 137, 'SerialNumbers': None, 'BatchNumbers': None, 'Guid': '3e50c05b-91a2-4dce-946b-de97cd660dcf', 'LastModifiedOn': '/Date(1617757333916)/'}]",7f0d76ab-78fc-494f-b6a4-357649d6b141,2021-04-07 13:02:13.916
18,SO-00000105,9c7b642c-d7c7-4384-bca6-48d6d9948ed6,SS-00000105,Dispatched,2021-04-02 13:00:00,,,,2021-04-02 14:02:13.916,admin,admin,"[{'LineNumber': 1, 'Product': {'Guid': 'e57b4130-ca43-429d-9adf-2d88086d8b3d', 'ProductCode': 'CHAIR', 'ProductDescription': 'Lounge Chair'}, 'ShipmentQty': 6.0, 'UnitCost': 489.123, 'CreatedOn': '/Date(1617325333916)/', 'CreatedBy': 'admin', 'LastModifiedBy': 'admin', 'SalesOrderLineNumber': 1, 'SalesOrderLineId': 133, 'SerialNumbers': None, 'BatchNumbers': None, 'Guid': '1d823194-494a-4612-b10a-f83bb58e2646', 'LastModifiedOn': '/Date(1617325333916)/'}]",da75191f-0798-4125-8ec3-40d4d8c790ee,2021-04-02 14:02:13.916
19,SO-00000104,f1a558dd-4e93-4bb7-814d-ba4dfc4e194b,SS-00000104,Dispatched,2021-03-25 13:00:00,,,,2021-03-25 14:02:13.916,admin,admin,"[{'LineNumber': 1, 'Product': {'Guid': '871bcd30-c636-4fe2-a5a0-734bdf961b6c', 'ProductCode': 'BOOKSHELF', 'ProductDescription': 'Wooden Bookshelf'}, 'ShipmentQty': 1.0, 'UnitCost': 1771.289, 'CreatedOn': '/Date(1616634133916)/', 'CreatedBy': 'admin', 'LastModifiedBy': 'admin', 'SalesOrderLineNumber': 1, 'SalesOrderLineId': 132, 'SerialNumbers': None, 'BatchNumbers': None, 'Guid': '679511fb-bd61-48bd-9ead-993a9184db8a', 'LastModifiedOn': '/Date(1616634133916)/'}]",534b647d-84f9-48c0-abcc-e4124c451ed5,2021-03-25 14:02:13.916
20,SO-00000103,ca6fdf90-4db0-4cac-8465-df72e1b56ede,SS-00000103,Dispatched,2021-03-21 13:00:00,,,,2021-03-21 14:02:13.916,admin,admin,"[{'LineNumber': 1, 'Product': {'Guid': 'db69788b-b294-4cd3-9948-558912bbda80', 'ProductCode': 'STAIN', 'ProductDescription': 'Dark Wood Stain'}, 'ShipmentQty': 6.0, 'UnitCost': 80.822, 'CreatedOn': '/Date(1616288533916)/', 'CreatedBy': 'admin', 'LastModifiedBy': 'admin', 'SalesOrderLineNumber': 1, 'SalesOrderLineId': 131, 'SerialNumbers': None, 'BatchNumbers': None, 'Guid': '19608a88-c6e9-4427-a8dc-994242d23d7b', 'LastModifiedOn': '/Date(1616288533916)/'}]",4101aad5-95e9-41cd-b1f3-59a25de42a2a,2021-03-21 14:02:13.916
21,SO-00000102,b6c415ac-50a0-40b7-8a02-8c12be128f17,SS-00000102,Dispatched,2021-03-17 13:00:00,,,,2021-03-17 14:02:13.916,admin,admin,"[{'LineNumber': 1, 'Product': {'Guid': 'fa8403d6-b438-4b4c-ad47-96c5ca686c98', 'ProductCode': 'SHELF', 'ProductDescription': 'Bookshelf Shelf'}, 'ShipmentQty': 50.0, 'UnitCost': 86.3, 'CreatedOn': '/Date(1615942933916)/', 'CreatedBy': 'admin', 'LastModifiedBy': 'admin', 'SalesOrderLineNumber': 1, 'SalesOrderLineId': 130, 'SerialNumbers': None, 'BatchNumbers': None, 'Guid': '63af8db7-0a1f-4323-86b4-3f22934015a3', 'LastModifiedOn': '/Date(1615942933916)/'}]",fe2f0c55-a6e0-4039-a1f1-203147ce6c76,2021-03-17 14:02:13.916
22,SO-00000101,90a7ea0c-9504-43a2-a455-3bafc4655551,SS-00000101,Dispatched,2021-03-16 13:00:00,,,,2021-03-16 14:02:13.916,admin,admin,"[{'LineNumber': 1, 'Product': {'Guid': '871bcd30-c636-4fe2-a5a0-734bdf961b6c', 'ProductCode': 'BOOKSHELF', 'ProductDescription': 'Wooden Bookshelf'}, 'ShipmentQty': 4.0, 'UnitCost': 1771.289, 'CreatedOn': '/Date(1615856533916)/', 'CreatedBy': 'admin', 'LastModifiedBy': 'admin', 'SalesOrderLineNumber': 1, 'SalesOrderLineId': 129, 'SerialNumbers': None, 'BatchNumbers': None, 'Guid': '36048269-2cfb-4eb4-b25c-e71a112a9428', 'LastModifiedOn': '/Date(1615856533916)/'}]",bd3f2844-f0b2-4754-b22a-0b397e4d8eaa,2021-03-16 14:02:13.916
23,SO-00000100,7e7dbc38-c85a-4225-9023-c2d96688344b,SS-00000100,Dispatched,2021-03-11 13:00:00,,,,2021-03-11 14:02:13.916,admin,admin,"[{'LineNumber': 1, 'Product': {'Guid': 'fa8403d6-b438-4b4c-ad47-96c5ca686c98', 'ProductCode': 'SHELF', 'ProductDescription': 'Bookshelf Shelf'}, 'ShipmentQty': 26.0, 'UnitCost': 86.3, 'CreatedOn': '/Date(1615424533916)/', 'CreatedBy': 'admin', 'LastModifiedBy': 'admin', 'SalesOrderLineNumber': 1, 'SalesOrderLineId': 128, 'SerialNumbers': None, 'BatchNumbers': None, 'Guid': '5372c097-d32c-4b5a-a6a6-869344a81524', 'LastModifiedOn': '/Date(1615424533916)/'}]",dfd5b3d6-ef20-4c0b-ae9d-795f048e1700,2021-03-11 14:02:13.916
24,SO-00000099,eb635627-9672-4266-aa3f-34dbe0c8ccdc,SS-00000099,Dispatched,2021-03-10 13:00:00,,,,2021-03-10 14:02:13.916,admin,admin,"[{'LineNumber': 1, 'Product': {'Guid': '861fd41a-9cbb-49b1-b35f-651867ef6503', 'ProductCode': 'SIDE', 'ProductDescription': 'Bookshelf Side'}, 'ShipmentQty': 5.0, 'UnitCost': 804.39, 'CreatedOn': '/Date(1615338133916)/', 'CreatedBy': 'admin', 'LastModifiedBy': 'admin', 'SalesOrderLineNumber': 1, 'SalesOrderLineId': 127, 'SerialNumbers': None, 'BatchNumbers': None, 'Guid': '2ccaa0ae-4819-40e1-9faa-8e97042e36e5', 'LastModifiedOn': '/Date(1615338133916)/'}]",6c1a65e0-d7f5-41a5-ba95-7dd636fade72,2021-03-10 14:02:13.916
25,SO-00000098,2c300bf7-6d03-4da3-87a9-7b140b15ab34,SS-00000098,Dispatched,2021-03-06 13:00:00,,,,2021-03-06 14:02:13.916,admin,admin,"[{'LineNumber': 1, 'Product': {'Guid': '74e86d55-dab8-4142-9f90-befd18e71b59', 'ProductCode': 'COUCH3', 'ProductDescription': '3-Seater Couch'}, 'ShipmentQty': 10.0, 'UnitCost': 67.8, 'CreatedOn': '/Date(1614992533916)/', 'CreatedBy': 'admin', 'LastModifiedBy': 'admin', 'SalesOrderLineNumber': 1, 'SalesOrderLineId': 126, 'SerialNumbers': None, 'BatchNumbers': None, 'Guid': '999a2ebb-7658-4879-a132-142bd83136a6', 'LastModifiedOn': '/Date(1614992533916)/'}]",426c1793-f6e0-43a0-aed1-59be972ce800,2021-03-06 14:02:13.916
26,SO-00000097,cfe163d3-d61c-477b-a313-ccd60401810a,SS-00000097,Dispatched,2021-03-03 13:00:00,,,,2021-03-03 14:02:13.916,admin,admin,"[{'LineNumber': 1, 'Product': {'Guid': 'db69788b-b294-4cd3-9948-558912bbda80', 'ProductCode': 'STAIN', 'ProductDescription': 'Dark Wood Stain'}, 'ShipmentQty': 1.0, 'UnitCost': 80.822, 'CreatedOn': '/Date(1614733333916)/', 'CreatedBy': 'admin', 'LastModifiedBy': 'admin', 'SalesOrderLineNumber': 1, 'SalesOrderLineId': 125, 'SerialNumbers': None, 'BatchNumbers': None, 'Guid': '6bfc1ad5-f6b1-4bcb-b862-26b7ac16fda2', 'LastModifiedOn': '/Date(1614733333916)/'}]",585a1daf-b0c2-40de-9cc2-1d3b67363fa0,2021-03-03 14:02:13.916
27,SO-00000096,90648495-4b78-430b-abea-7480ac79f6ed,SS-00000096,Dispatched,2021-03-02 13:00:00,,,,2021-03-02 14:02:13.916,admin,admin,"[{'LineNumber': 1, 'Product': {'Guid': '92749139-34bf-44a7-bfb1-e0aff00e137a', 'ProductCode': 'COUCH2', 'ProductDescription': '2-Seater Couch'}, 'ShipmentQty': 30.0, 'UnitCost': 8.5, 'CreatedOn': '/Date(1614646933916)/', 'CreatedBy': 'admin', 'LastModifiedBy': 'admin', 'SalesOrderLineNumber': 1, 'SalesOrderLineId': 124, 'SerialNumbers': None, 'BatchNumbers': None, 'Guid': '8c683082-24a9-43b0-85e4-d774ee34dc73', 'LastModifiedOn': '/Date(1614646933916)/'}]",8cdeeeee-35ec-4059-81f2-7624a44e9293,2021-03-02 14:02:13.916
28,SO-00000095,d504ba3e-67ca-4160-9339-1b8299045900,SS-00000095,Dispatched,2021-02-23 13:00:00,,,,2021-02-23 14:02:13.916,admin,admin,"[{'LineNumber': 1, 'Product': {'Guid': '871bcd30-c636-4fe2-a5a0-734bdf961b6c', 'ProductCode': 'BOOKSHELF', 'ProductDescription': 'Wooden Bookshelf'}, 'ShipmentQty': 1.0, 'UnitCost': 1771.083, 'CreatedOn': '/Date(1614042133916)/', 'CreatedBy': 'admin', 'LastModifiedBy': 'admin', 'SalesOrderLineNumber': 1, 'SalesOrderLineId': 123, 'SerialNumbers': None, 'BatchNumbers': None, 'Guid': '89aca9bb-2934-41c8-91ef-7ee8ff4d1c36', 'LastModifiedOn': '/Date(1614042133916)/'}]",4177e3db-b657-40df-9465-e8dbb75af620,2021-02-23 14:02:13.916
29,SO-00000094,479d54e0-5c3e-4dfa-9aac-61f82b105f14,SS-00000094,Dispatched,2021-02-17 13:00:00,,,,2021-02-17 14:02:13.916,admin,admin,"[{'LineNumber': 1, 'Product': {'Guid': 'e57b4130-ca43-429d-9adf-2d88086d8b3d', 'ProductCode': 'CHAIR', 'ProductDescription': 'Lounge Chair'}, 'ShipmentQty': 4.0, 'UnitCost': 489.123, 'CreatedOn': '/Date(1613523733916)/', 'CreatedBy': 'admin', 'LastModifiedBy': 'admin', 'SalesOrderLineNumber': 1, 'SalesOrderLineId': 122, 'SerialNumbers': None, 'BatchNumbers': None, 'Guid': '8f3c62ce-8840-4d94-8bae-d82c38abcb11', 'LastModifiedOn': '/Date(1613523733916)/'}]",e0daee71-114a-4813-a473-43bb4b8ea107,2021-02-17 14:02:13.916
30,SO-00000093,a49b45c7-ad37-4890-a62f-121a50b65d77,SS-00000093,Dispatched,2021-02-15 13:00:00,,,,2021-02-15 14:02:13.916,admin,admin,"[{'LineNumber': 1, 'Product': {'Guid': '861fd41a-9cbb-49b1-b35f-651867ef6503', 'ProductCode': 'SIDE', 'ProductDescription': 'Bookshelf Side'}, 'ShipmentQty': 3.0, 'UnitCost': 804.39, 'CreatedOn': '/Date(1613350933916)/', 'CreatedBy': 'admin', 'LastModifiedBy': 'admin', 'SalesOrderLineNumber': 1, 'SalesOrderLineId': 121, 'SerialNumbers': None, 'BatchNumbers': None, 'Guid': 'dcc4cae1-5fc2-466e-ab8e-cbad20556df6', 'LastModifiedOn': '/Date(1613350933916)/'}]",a297a0f2-3136-4268-89d0-c19eb7a07d83,2021-02-15 14:02:13.916
31,SO-00000092,13552a22-170b-4d75-85c5-1f47c1bb63fd,SS-00000092,Dispatched,2021-02-13 13:00:00,,,,2021-02-13 14:02:13.916,admin,admin,"[{'LineNumber': 1, 'Product': {'Guid': '7b0eda5d-b873-4cd5-8ca0-0d4d279bfbb8', 'ProductCode': 'DINING', 'ProductDescription': ' Dining Table'}, 'ShipmentQty': 10.0, 'UnitCost': 40.429, 'CreatedOn': '/Date(1613178133916)/', 'CreatedBy': 'admin', 'LastModifiedBy': 'admin', 'SalesOrderLineNumber': 1, 'SalesOrderLineId': 120, 'SerialNumbers': None, 'BatchNumbers': None, 'Guid': 'bf3bf9e4-8b56-4889-9280-dc6f7151280a', 'LastModifiedOn': '/Date(1613178133916)/'}]",f7f2fdcd-59b2-4d52-92a7-34a30f44e78b,2021-02-13 14:02:13.916
32,SO-00000091,94b7c86b-fc4d-4748-8692-8630fa267ff6,SS-00000091,Dispatched,2021-02-07 13:00:00,,,,2021-02-07 14:02:13.916,admin,admin,"[{'LineNumber': 1, 'Product': {'Guid': '871bcd30-c636-4fe2-a5a0-734bdf961b6c', 'ProductCode': 'BOOKSHELF', 'ProductDescription': 'Wooden Bookshelf'}, 'ShipmentQty': 2.0, 'UnitCost': 1771.083, 'CreatedOn': '/Date(1612659733916)/', 'CreatedBy': 'admin', 'LastModifiedBy': 'admin', 'SalesOrderLineNumber': 1, 'SalesOrderLineId': 116, 'SerialNumbers': None, 'BatchNumbers': None, 'Guid': 'bdf1deaf-7eb5-4a9f-afaa-070b6b1e5ade', 'LastModifiedOn': '/Date(1612659733916)/'}, {'LineNumber': 2, 'Product': {'Guid': 'fa8403d6-b438-4b4c-ad47-96c5ca686c98', 'ProductCode': 'SHELF', 'ProductDescription': 'Bookshelf Shelf'}, 'ShipmentQty': 30.0, 'UnitCost': 86.3, 'CreatedOn': '/Date(1612659733916)/', 'CreatedBy': 'admin', 'LastModifiedBy': 'admin', 'SalesOrderLineNumber': 2, 'SalesOrderLineId': 117, 'SerialNumbers': None, 'BatchNumbers': None, 'Guid': 'fabdbc8b-08b8-441e-b66e-f59495bee296', 'LastModifiedOn': '/Date(1612659733916)/'}, {'LineNumber': 3, 'Product': {'Guid': '92749139-34bf-44a7-bfb1-e0aff00e137a', 'ProductCode': 'COUCH2', 'ProductDescription': '2-Seater Couch'}, 'ShipmentQty': 25.0, 'UnitCost': 8.5, 'CreatedOn': '/Date(1612659733916)/', 'CreatedBy': 'admin', 'LastModifiedBy': 'admin', 'SalesOrderLineNumber': 3, 'SalesOrderLineId': 118, 'SerialNumbers': None, 'BatchNumbers': None, 'Guid': 'd5e04fda-320a-4410-8909-052e577d2cd6', 'LastModifiedOn': '/Date(1612659733916)/'}, {'LineNumber': 4, 'Product': {'Guid': 'db69788b-b294-4cd3-9948-558912bbda80', 'ProductCode': 'STAIN', 'ProductDescription': 'Dark Wood Stain'}, 'ShipmentQty': 2.0, 'UnitCost': 80.822, 'CreatedOn': '/Date(1612659733916)/', 'CreatedBy': 'admin', 'LastModifiedBy': 'admin', 'SalesOrderLineNumber': 4, 'SalesOrderLineId': 119, 'SerialNumbers': None, 'BatchNumbers': None, 'Guid': '89c30f1c-b65d-4641-be1a-95068cfb7a31', 'LastModifiedOn': '/Date(1612659733916)/'}]",4158bd1d-6881-494f-887c-1e2ff5e0713c,2021-02-07 14:02:13.916
33,SO-00000089,6f8a9206-2d67-4a59-b8a1-32af8d8e6819,SS-00000089,Dispatched,2021-01-29 13:00:00,,,,2021-01-29 14:02:13.916,admin,admin,"[{'LineNumber': 1, 'Product': {'Guid': 'fa8403d6-b438-4b4c-ad47-96c5ca686c98', 'ProductCode': 'SHELF', 'ProductDescription': 'Bookshelf Shelf'}, 'ShipmentQty': 35.0, 'UnitCost': 86.3, 'CreatedOn': '/Date(1611882133916)/', 'CreatedBy': 'admin', 'LastModifiedBy': 'admin', 'SalesOrderLineNumber': 1, 'SalesOrderLineId': 114, 'SerialNumbers': None, 'BatchNumbers': None, 'Guid': 'b94392fc-8795-409f-8b03-f2694723ace6', 'LastModifiedOn': '/Date(1611882133916)/'}]",50ccde8d-752d-4fe7-ad11-e5605acf1d9a,2021-01-29 14:02:13.916
34,SO-00000088,943d9752-03c9-4e21-84db-1de53fa5a254,SS-00000088,Dispatched,2021-01-25 13:00:00,,,,2021-01-25 14:02:13.916,admin,admin,"[{'LineNumber': 1, 'Product': {'Guid': '74e86d55-dab8-4142-9f90-befd18e71b59', 'ProductCode': 'COUCH3', 'ProductDescription': '3-Seater Couch'}, 'ShipmentQty': 8.0, 'UnitCost': 67.8, 'CreatedOn': '/Date(1611536533916)/', 'CreatedBy': 'admin', 'LastModifiedBy': 'admin', 'SalesOrderLineNumber': 1, 'SalesOrderLineId': 113, 'SerialNumbers': None, 'BatchNumbers': None, 'Guid': '761c1083-2e80-40f3-98d0-404f122adff3', 'LastModifiedOn': '/Date(1611536533916)/'}]",d3317a52-bd6d-4d20-9450-8ade500523c2,2021-01-25 14:02:13.916
35,SO-00000087,d7db8f61-5202-45fc-b1c9-2e603684aaaf,SS-00000087,Dispatched,2021-01-20 13:00:00,,,,2021-01-20 14:02:13.916,admin,admin,"[{'LineNumber': 1, 'Product': {'Guid': 'e57b4130-ca43-429d-9adf-2d88086d8b3d', 'ProductCode': 'CHAIR', 'ProductDescription': 'Lounge Chair'}, 'ShipmentQty': 3.0, 'UnitCost': 489.123, 'CreatedOn': '/Date(1611104533916)/', 'CreatedBy': 'admin', 'LastModifiedBy': 'admin', 'SalesOrderLineNumber': 1, 'SalesOrderLineId': 112, 'SerialNumbers': None, 'BatchNumbers': None, 'Guid': '2e5e7c5b-02e5-4cd0-b886-d20bcc26d2b4', 'LastModifiedOn': '/Date(1611104533916)/'}]",c71ec74c-3178-4ea9-b941-daac7e1aaf5b,2021-01-20 14:02:13.916
36,SO-00000086,7c05f726-f54b-47e8-810d-629451f98799,SS-00000086,Dispatched,2021-01-17 13:00:00,,,,2021-01-17 14:02:13.916,admin,admin,"[{'LineNumber': 1, 'Product': {'Guid': '344e29ea-e6de-43d3-82b2-7fb7ba6f7783', 'ProductCode': 'NAIL-S', 'ProductDescription': 'Small Nails'}, 'ShipmentQty': 30.0, 'UnitCost': 9.442, 'CreatedOn': '/Date(1610845333916)/', 'CreatedBy': 'admin', 'LastModifiedBy': 'admin', 'SalesOrderLineNumber': 1, 'SalesOrderLineId': 109, 'SerialNumbers': None, 'BatchNumbers': None, 'Guid': 'eba41e1c-9b06-4cdc-a004-41e4c960da8d', 'LastModifiedOn': '/Date(1610845333916)/'}, {'LineNumber': 2, 'Product': {'Guid': 'b5ba0cae-0e4b-460d-b288-16f0b124c0b8', 'ProductCode': 'NAIL-M', 'ProductDescription': 'Medium Nails'}, 'ShipmentQty': 35.0, 'UnitCost': 9.124, 'CreatedOn': '/Date(1610845333916)/', 'CreatedBy': 'admin', 'LastModifiedBy': 'admin', 'SalesOrderLineNumber': 2, 'SalesOrderLineId': 110, 'SerialNumbers': None, 'BatchNumbers': None, 'Guid': '805fb298-4c7e-438c-b744-48e7f45635cb', 'LastModifiedOn': '/Date(1610845333916)/'}, {'LineNumber': 3, 'Product': {'Guid': 'd5c1e57d-d905-44b8-a15d-887cbc3b2a4e', 'ProductCode': 'NAIL-L', 'ProductDescription': 'Large Nails'}, 'ShipmentQty': 32.0, 'UnitCost': 9.727, 'CreatedOn': '/Date(1610845333916)/', 'CreatedBy': 'admin', 'LastModifiedBy': 'admin', 'SalesOrderLineNumber': 3, 'SalesOrderLineId': 111, 'SerialNumbers': None, 'BatchNumbers': None, 'Guid': 'a769be31-dd84-499f-a82d-808131e2985e', 'LastModifiedOn': '/Date(1610845333916)/'}]",b066574d-ab08-4e62-b733-65c203562458,2021-01-17 14:02:13.916
37,SO-00000085,b1edb9b6-c96b-4343-af50-6cca83a97301,SS-00000085,Dispatched,2021-01-16 13:00:00,,,,2021-01-16 14:02:13.916,admin,admin,"[{'LineNumber': 1, 'Product': {'Guid': '861fd41a-9cbb-49b1-b35f-651867ef6503', 'ProductCode': 'SIDE', 'ProductDescription': 'Bookshelf Side'}, 'ShipmentQty': 3.0, 'UnitCost': 804.39, 'CreatedOn': '/Date(1610758933916)/', 'CreatedBy': 'admin', 'LastModifiedBy': 'admin', 'SalesOrderLineNumber': 1, 'SalesOrderLineId': 108, 'SerialNumbers': None, 'BatchNumbers': None, 'Guid': '6a8dc9aa-c215-40c2-adea-9889c5e41714', 'LastModifiedOn': '/Date(1610758933916)/'}]",ae929a09-f28c-4b6b-9f69-80c8a3dbe58d,2021-01-16 14:02:13.916
38,SO-00000084,13f4d783-d4ca-46a8-873a-bb80b485a4e9,SS-00000084,Dispatched,2021-01-10 13:00:00,,,,2021-01-10 14:02:13.916,admin,admin,"[{'LineNumber': 1, 'Product': {'Guid': 'fa8403d6-b438-4b4c-ad47-96c5ca686c98', 'ProductCode': 'SHELF', 'ProductDescription': 'Bookshelf Shelf'}, 'ShipmentQty': 20.0, 'UnitCost': 86.3, 'CreatedOn': '/Date(1610240533916)/', 'CreatedBy': 'admin', 'LastModifiedBy': 'admin', 'SalesOrderLineNumber': 1, 'SalesOrderLineId': 107, 'SerialNumbers': None, 'BatchNumbers': None, 'Guid': '894e6463-39e6-4d8b-85ae-e955bfe40c67', 'LastModifiedOn': '/Date(1610240533916)/'}]",fb83a04f-4e95-4dc2-9243-9f6f428b7b05,2021-01-10 14:02:13.916
39,SO-00000083,f00a8997-b5dd-4ba0-a5af-5391a6122716,SS-00000083,Dispatched,2021-01-05 13:00:00,,,,2021-01-05 14:02:13.916,admin,admin,"[{'LineNumber': 1, 'Product': {'Guid': '7b0eda5d-b873-4cd5-8ca0-0d4d279bfbb8', 'ProductCode': 'DINING', 'ProductDescription': ' Dining Table'}, 'ShipmentQty': 20.0, 'UnitCost': 40.429, 'CreatedOn': '/Date(1609808533916)/', 'CreatedBy': 'admin', 'LastModifiedBy': 'admin', 'SalesOrderLineNumber': 1, 'SalesOrderLineId': 106, 'SerialNumbers': None, 'BatchNumbers': None, 'Guid': 'd5169d79-a3f4-4da3-af23-e61503dc9f6d', 'LastModifiedOn': '/Date(1609808533916)/'}]",70d243db-d099-4df6-b1cf-e54406800a74,2021-01-05 14:02:13.916
40,SO-00000082,cd86da48-2692-4d67-9fce-c99c3ae9c8c3,SS-00000082,Dispatched,2021-01-02 13:00:00,,,,2021-01-02 14:02:13.916,admin,admin,"[{'LineNumber': 1, 'Product': {'Guid': '871bcd30-c636-4fe2-a5a0-734bdf961b6c', 'ProductCode': 'BOOKSHELF', 'ProductDescription': 'Wooden Bookshelf'}, 'ShipmentQty': 2.0, 'UnitCost': 1771.083, 'CreatedOn': '/Date(1609549333916)/', 'CreatedBy': 'admin', 'LastModifiedBy': 'admin', 'SalesOrderLineNumber': 1, 'SalesOrderLineId': 105, 'SerialNumbers': None, 'BatchNumbers': None, 'Guid': '680a75bc-39c4-4a56-b603-2d1054791712', 'LastModifiedOn': '/Date(1609549333916)/'}]",4043e6ab-1434-44e9-a0db-817a3d63c290,2021-01-02 14:02:13.916
41,SO-00000081,d01f1611-fe1f-4d5f-9f24-9370d65c4739,SS-00000081,Dispatched,2020-12-27 13:00:00,,,,2020-12-27 14:02:13.916,admin,admin,"[{'LineNumber': 1, 'Product': {'Guid': 'b5ba0cae-0e4b-460d-b288-16f0b124c0b8', 'ProductCode': 'NAIL-M', 'ProductDescription': 'Medium Nails'}, 'ShipmentQty': 2.0, 'UnitCost': 9.124, 'CreatedOn': '/Date(1609030933916)/', 'CreatedBy': 'admin', 'LastModifiedBy': 'admin', 'SalesOrderLineNumber': 1, 'SalesOrderLineId': 104, 'SerialNumbers': None, 'BatchNumbers': None, 'Guid': '9176a9f4-a5e2-4a59-8a96-9b9a586fd7ae', 'LastModifiedOn': '/Date(1609030933916)/'}]",729d062e-09b7-4e9b-b669-f95ac2b92f5a,2020-12-27 14:02:13.916
42,SO-00000080,ecadb571-f18e-4a6b-ac91-0c7086e71c08,SS-00000080,Dispatched,2020-12-20 13:00:00,,,,2020-12-20 14:02:13.916,admin,admin,"[{'LineNumber': 1, 'Product': {'Guid': '92749139-34bf-44a7-bfb1-e0aff00e137a', 'ProductCode': 'COUCH2', 'ProductDescription': '2-Seater Couch'}, 'ShipmentQty': 10.0, 'UnitCost': 8.5, 'CreatedOn': '/Date(1608426133916)/', 'CreatedBy': 'admin', 'LastModifiedBy': 'admin', 'SalesOrderLineNumber': 1, 'SalesOrderLineId': 103, 'SerialNumbers': None, 'BatchNumbers': None, 'Guid': '9afd0e41-3ec5-4333-813c-923ba8ee1e65', 'LastModifiedOn': '/Date(1608426133916)/'}]",3a5b5c40-426d-4660-9f51-e27b75c3788a,2020-12-20 14:02:13.916
43,SO-00000079,d8d4109f-dc61-4d86-b87a-7db6cb38c8dd,SS-00000079,Dispatched,2020-12-19 13:00:00,,,,2020-12-19 14:02:13.916,admin,admin,"[{'LineNumber': 1, 'Product': {'Guid': '5d99ef7e-2439-4b6e-ab60-1137b8d8b5b7', 'ProductCode': 'GLUE', 'ProductDescription': 'Furniture Assembly Glue'}, 'ShipmentQty': 230.0, 'UnitCost': 9.99, 'CreatedOn': '/Date(1608339733916)/', 'CreatedBy': 'admin', 'LastModifiedBy': 'admin', 'SalesOrderLineNumber': 1, 'SalesOrderLineId': 102, 'SerialNumbers': None, 'BatchNumbers': None, 'Guid': 'be79b6ac-fb62-4ad4-87d6-b06359201acb', 'LastModifiedOn': '/Date(1608339733916)/'}]",1acbcebf-1b8c-45e3-bc9c-280d667ca323,2020-12-19 14:02:13.916
44,SO-00000078,d47c87dc-f207-4402-aa53-042916999e5b,SS-00000078,Dispatched,2020-12-14 13:00:00,,,,2020-12-14 14:02:13.916,admin,admin,"[{'LineNumber': 1, 'Product': {'Guid': 'e57b4130-ca43-429d-9adf-2d88086d8b3d', 'ProductCode': 'CHAIR', 'ProductDescription': 'Lounge Chair'}, 'ShipmentQty': 3.0, 'UnitCost': 489.123, 'CreatedOn': '/Date(1607907733916)/', 'CreatedBy': 'admin', 'LastModifiedBy': 'admin', 'SalesOrderLineNumber': 1, 'SalesOrderLineId': 101, 'SerialNumbers': None, 'BatchNumbers': None, 'Guid': 'cb357a44-8198-4643-af59-f379a5828f6a', 'LastModifiedOn': '/Date(1607907733916)/'}]",363172d4-cca9-45aa-affb-a8afa8db8291,2020-12-14 14:02:13.916
45,SO-00000077,83b155d2-746f-4fb6-9698-c2b61c2487b4,SS-00000077,Dispatched,2020-12-10 13:00:00,,,,2020-12-10 14:02:13.916,admin,admin,"[{'LineNumber': 1, 'Product': {'Guid': 'b5ba0cae-0e4b-460d-b288-16f0b124c0b8', 'ProductCode': 'NAIL-M', 'ProductDescription': 'Medium Nails'}, 'ShipmentQty': 1.0, 'UnitCost': 9.124, 'CreatedOn': '/Date(1607562133916)/', 'CreatedBy': 'admin', 'LastModifiedBy': 'admin', 'SalesOrderLineNumber': 1, 'SalesOrderLineId': 100, 'SerialNumbers': None, 'BatchNumbers': None, 'Guid': 'd5b08c42-6311-4794-b145-798f8531261b', 'LastModifiedOn': '/Date(1607562133916)/'}]",2bbb3276-8ad2-4e10-b718-1d2daf9a7220,2020-12-10 14:02:13.916
46,SO-00000075,bf76a4a9-1487-4710-873f-1813eaf090ae,SS-00000075,Dispatched,2020-12-07 13:00:00,,,,2020-12-07 14:02:13.916,admin,admin,"[{'LineNumber': 1, 'Product': {'Guid': '871bcd30-c636-4fe2-a5a0-734bdf961b6c', 'ProductCode': 'BOOKSHELF', 'ProductDescription': 'Wooden Bookshelf'}, 'ShipmentQty': 1.0, 'UnitCost': 1771.083, 'CreatedOn': '/Date(1607302933916)/', 'CreatedBy': 'admin', 'LastModifiedBy': 'admin', 'SalesOrderLineNumber': 1, 'SalesOrderLineId': 98, 'SerialNumbers': None, 'BatchNumbers': None, 'Guid': '11cb4a7b-0ea3-4389-b55c-3702a2e77098', 'LastModifiedOn': '/Date(1607302933916)/'}]",5a0b9bad-1eff-43ac-aa88-31e998e8a48f,2020-12-07 14:02:13.916
47,SO-00000076,b7d26015-3d64-4f87-b8b3-5e49a9fde7d9,SS-00000076,Dispatched,2020-12-07 13:00:00,,,,2020-12-07 14:02:13.916,admin,admin,"[{'LineNumber': 1, 'Product': {'Guid': 'fa8403d6-b438-4b4c-ad47-96c5ca686c98', 'ProductCode': 'SHELF', 'ProductDescription': 'Bookshelf Shelf'}, 'ShipmentQty': 16.0, 'UnitCost': 86.3, 'CreatedOn': '/Date(1607302933916)/', 'CreatedBy': 'admin', 'LastModifiedBy': 'admin', 'SalesOrderLineNumber': 1, 'SalesOrderLineId': 99, 'SerialNumbers': None, 'BatchNumbers': None, 'Guid': '48805734-22dd-40b2-85b8-c155a5330498', 'LastModifiedOn': '/Date(1607302933916)/'}]",6c5b0b32-3f2c-42d6-b1bb-48ee15a4a9f9,2020-12-07 14:02:13.916
48,SO-00000074,3ab8479e-f328-4aee-834c-8ddde4d1d7b4,SS-00000074,Dispatched,2020-12-01 13:00:00,,,,2020-12-01 14:02:13.916,admin,admin,"[{'LineNumber': 1, 'Product': {'Guid': 'db69788b-b294-4cd3-9948-558912bbda80', 'ProductCode': 'STAIN', 'ProductDescription': 'Dark Wood Stain'}, 'ShipmentQty': 1.0, 'UnitCost': 80.822, 'CreatedOn': '/Date(1606784533916)/', 'CreatedBy': 'admin', 'LastModifiedBy': 'admin', 'SalesOrderLineNumber': 1, 'SalesOrderLineId': 94, 'SerialNumbers': None, 'BatchNumbers': None, 'Guid': '1c7e8958-ccbb-4777-a716-5065024d7dfa', 'LastModifiedOn': '/Date(1606784533916)/'}, {'LineNumber': 2, 'Product': {'Guid': '92749139-34bf-44a7-bfb1-e0aff00e137a', 'ProductCode': 'COUCH2', 'ProductDescription': '2-Seater Couch'}, 'ShipmentQty': 30.0, 'UnitCost': 8.5, 'CreatedOn': '/Date(1606784533916)/', 'CreatedBy': 'admin', 'LastModifiedBy': 'admin', 'SalesOrderLineNumber': 2, 'SalesOrderLineId': 95, 'SerialNumbers': None, 'BatchNumbers': None, 'Guid': '8a4bb8f0-ab04-4c4c-adee-1c24249a0429', 'LastModifiedOn': '/Date(1606784533916)/'}, {'LineNumber': 3, 'Product': {'Guid': 'fa8403d6-b438-4b4c-ad47-96c5ca686c98', 'ProductCode': 'SHELF', 'ProductDescription': 'Bookshelf Shelf'}, 'ShipmentQty': 15.0, 'UnitCost': 86.3, 'CreatedOn': '/Date(1606784533916)/', 'CreatedBy': 'admin', 'LastModifiedBy': 'admin', 'SalesOrderLineNumber': 3, 'SalesOrderLineId': 96, 'SerialNumbers': None, 'BatchNumbers': None, 'Guid': '9903b434-706b-4d6b-8634-af5ab00000de', 'LastModifiedOn': '/Date(1606784533916)/'}, {'LineNumber': 4, 'Product': {'Guid': 'b5ba0cae-0e4b-460d-b288-16f0b124c0b8', 'ProductCode': 'NAIL-M', 'ProductDescription': 'Medium Nails'}, 'ShipmentQty': 2.0, 'UnitCost': 9.124, 'CreatedOn': '/Date(1606784533916)/', 'CreatedBy': 'admin', 'LastModifiedBy': 'admin', 'SalesOrderLineNumber': 4, 'SalesOrderLineId': 97, 'SerialNumbers': None, 'BatchNumbers': None, 'Guid': '567320ba-bf83-4c58-994d-43d561948aaa', 'LastModifiedOn': '/Date(1606784533916)/'}]",a331fc63-6a62-4454-85fb-bb8efee0f540,2020-12-01 14:02:13.916
49,SO-00000073,15cd82ad-c17e-4988-a68d-f5df362d7f92,SS-00000073,Dispatched,2020-11-27 13:00:00,,,,2020-11-27 14:02:13.916,admin,admin,"[{'LineNumber': 1, 'Product': {'Guid': 'fa8403d6-b438-4b4c-ad47-96c5ca686c98', 'ProductCode': 'SHELF', 'ProductDescription': 'Bookshelf Shelf'}, 'ShipmentQty': 30.0, 'UnitCost': 86.3, 'CreatedOn': '/Date(1606438933916)/', 'CreatedBy': 'admin', 'LastModifiedBy': 'admin', 'SalesOrderLineNumber': 1, 'SalesOrderLineId': 93, 'SerialNumbers': None, 'BatchNumbers': None, 'Guid': '1d7cfa81-f81b-4eca-a121-803019f7aa16', 'LastModifiedOn': '/Date(1606438933916)/'}]",e39ef213-3e71-4a4c-a87c-3849347e096d,2020-11-27 14:02:13.916
50,SO-00000072,324ee9a8-c112-487c-b2da-20447221fcb8,SS-00000072,Dispatched,2020-11-21 13:00:00,,,,2020-11-21 14:02:13.916,admin,admin,"[{'LineNumber': 1, 'Product': {'Guid': '871bcd30-c636-4fe2-a5a0-734bdf961b6c', 'ProductCode': 'BOOKSHELF', 'ProductDescription': 'Wooden Bookshelf'}, 'ShipmentQty': 2.0, 'UnitCost': 1771.083, 'CreatedOn': '/Date(1605920533916)/', 'CreatedBy': 'admin', 'LastModifiedBy': 'admin', 'SalesOrderLineNumber': 1, 'SalesOrderLineId': 92, 'SerialNumbers': None, 'BatchNumbers': None, 'Guid': 'e2093286-2b0c-4d3e-a2d9-ebd3061da606', 'LastModifiedOn': '/Date(1605920533916)/'}]",f47c5e26-16da-408d-8925-070ec6d57717,2020-11-21 14:02:13.916
51,SO-00000071,0a091c42-f7fe-40ae-b330-20d0ffe4a3a1,SS-00000071,Dispatched,2020-11-12 13:00:00,,,,2020-11-12 14:02:13.916,admin,admin,"[{'LineNumber': 1, 'Product': {'Guid': 'fa8403d6-b438-4b4c-ad47-96c5ca686c98', 'ProductCode': 'SHELF', 'ProductDescription': 'Bookshelf Shelf'}, 'ShipmentQty': 25.0, 'UnitCost': 86.3, 'CreatedOn': '/Date(1605142933916)/', 'CreatedBy': 'admin', 'LastModifiedBy': 'admin', 'SalesOrderLineNumber': 1, 'SalesOrderLineId': 91, 'SerialNumbers': None, 'BatchNumbers': None, 'Guid': 'ffd124cf-981c-4190-94ca-598ab8e3dfa3', 'LastModifiedOn': '/Date(1605142933916)/'}]",fe588e75-e122-462b-9a72-fe00f9495953,2020-11-12 14:02:13.916
52,SO-00000070,33e609f3-599c-48e4-a222-249944a31d30,SS-00000070,Dispatched,2020-11-05 13:00:00,,,,2020-11-05 14:02:13.916,admin,admin,"[{'LineNumber': 1, 'Product': {'Guid': '92749139-34bf-44a7-bfb1-e0aff00e137a', 'ProductCode': 'COUCH2', 'ProductDescription': '2-Seater Couch'}, 'ShipmentQty': 30.0, 'UnitCost': 8.5, 'CreatedOn': '/Date(1604538133916)/', 'CreatedBy': 'admin', 'LastModifiedBy': 'admin', 'SalesOrderLineNumber': 1, 'SalesOrderLineId': 90, 'SerialNumbers': None, 'BatchNumbers': None, 'Guid': '9c751e49-8497-4f4e-9ffe-89c92d9b0da3', 'LastModifiedOn': '/Date(1604538133916)/'}]",015a1c18-d14d-4b50-b430-5793c718e33f,2020-11-05 14:02:13.916
53,SO-00000069,cd09caef-41c7-455a-a7b6-8722b4834cf8,SS-00000069,Dispatched,2020-10-29 13:00:00,,,,2020-10-29 14:02:13.916,admin,admin,"[{'LineNumber': 1, 'Product': {'Guid': 'e57b4130-ca43-429d-9adf-2d88086d8b3d', 'ProductCode': 'CHAIR', 'ProductDescription': 'Lounge Chair'}, 'ShipmentQty': 3.0, 'UnitCost': 489.123, 'CreatedOn': '/Date(1603933333916)/', 'CreatedBy': 'admin', 'LastModifiedBy': 'admin', 'SalesOrderLineNumber': 1, 'SalesOrderLineId': 89, 'SerialNumbers': None, 'BatchNumbers': None, 'Guid': '2d218e7c-19b5-4501-a06f-88599f7cd25b', 'LastModifiedOn': '/Date(1603933333916)/'}]",e6946c0e-2c58-4221-9a13-3c50c5014020,2020-10-29 14:02:13.916
54,SO-00000067,41e5a53a-9b23-459a-99a4-5939fccbc091,SS-00000067,Dispatched,2020-10-22 13:00:00,,,,2020-10-22 14:02:13.916,admin,admin,"[{'LineNumber': 1, 'Product': {'Guid': '74e86d55-dab8-4142-9f90-befd18e71b59', 'ProductCode': 'COUCH3', 'ProductDescription': '3-Seater Couch'}, 'ShipmentQty': 2.0, 'UnitCost': 67.8, 'CreatedOn': '/Date(1603328533916)/', 'CreatedBy': 'admin', 'LastModifiedBy': 'admin', 'SalesOrderLineNumber': 1, 'SalesOrderLineId': 86, 'SerialNumbers': None, 'BatchNumbers': None, 'Guid': 'b781ed47-3ffb-4123-8241-a111959b5912', 'LastModifiedOn': '/Date(1603328533916)/'}, {'LineNumber': 2, 'Product': {'Guid': '7b0eda5d-b873-4cd5-8ca0-0d4d279bfbb8', 'ProductCode': 'DINING', 'ProductDescription': ' Dining Table'}, 'ShipmentQty': 1.0, 'UnitCost': 40.429, 'CreatedOn': '/Date(1603328533916)/', 'CreatedBy': 'admin', 'LastModifiedBy': 'admin', 'SalesOrderLineNumber': 2, 'SalesOrderLineId': 87, 'SerialNumbers': None, 'BatchNumbers': None, 'Guid': 'd2ef09f9-fee9-47ef-8748-ec66232a7490', 'LastModifiedOn': '/Date(1603328533916)/'}]",52da8815-57b3-42f9-8c4a-5c91f96f0e48,2020-10-22 14:02:13.916
55,SO-00000066,e5c517a7-c17c-41b0-b5dd-6f36bb9f8c46,SS-00000066,Dispatched,2020-10-17 13:00:00,,,,2020-10-17 14:02:13.916,admin,admin,"[{'LineNumber': 1, 'Product': {'Guid': 'db69788b-b294-4cd3-9948-558912bbda80', 'ProductCode': 'STAIN', 'ProductDescription': 'Dark Wood Stain'}, 'ShipmentQty': 3.0, 'UnitCost': 80.822, 'CreatedOn': '/Date(1602896533916)/', 'CreatedBy': 'admin', 'LastModifiedBy': 'admin', 'SalesOrderLineNumber': 1, 'SalesOrderLineId': 85, 'SerialNumbers': None, 'BatchNumbers': None, 'Guid': '5172d82f-09d9-4106-b8ed-90ee2edbaff2', 'LastModifiedOn': '/Date(1602896533916)/'}]",3b17c977-ff8f-4e18-80c4-b30f26d3365b,2020-10-17 14:02:13.916
56,SO-00000065,e39307bd-2a14-4273-a998-c24381fceac0,SS-00000065,Dispatched,2020-10-10 13:00:00,,,,2020-10-10 14:02:13.916,admin,admin,"[{'LineNumber': 1, 'Product': {'Guid': '7b0eda5d-b873-4cd5-8ca0-0d4d279bfbb8', 'ProductCode': 'DINING', 'ProductDescription': ' Dining Table'}, 'ShipmentQty': 10.0, 'UnitCost': 40.429, 'CreatedOn': '/Date(1602291733916)/', 'CreatedBy': 'admin', 'LastModifiedBy': 'admin', 'SalesOrderLineNumber': 1, 'SalesOrderLineId': 84, 'SerialNumbers': None, 'BatchNumbers': None, 'Guid': '5ed86a4f-bf20-45c2-bda3-3862a505ca5e', 'LastModifiedOn': '/Date(1602291733916)/'}]",ecd1eeac-cf42-4e3e-8ea1-58ff94756879,2020-10-10 14:02:13.916
57,SO-00000064,caa4c5b4-f92b-41b1-91b0-9fe363dd6a2f,SS-00000064,Dispatched,2020-10-07 13:00:00,,,,2020-10-07 14:02:13.916,admin,admin,"[{'LineNumber': 1, 'Product': {'Guid': 'fa8403d6-b438-4b4c-ad47-96c5ca686c98', 'ProductCode': 'SHELF', 'ProductDescription': 'Bookshelf Shelf'}, 'ShipmentQty': 22.0, 'UnitCost': 86.3, 'CreatedOn': '/Date(1602032533916)/', 'CreatedBy': 'admin', 'LastModifiedBy': 'admin', 'SalesOrderLineNumber': 1, 'SalesOrderLineId': 82, 'SerialNumbers': None, 'BatchNumbers': None, 'Guid': 'a8d97048-f94b-4fe2-9cd1-2f02ac71af2d', 'LastModifiedOn': '/Date(1602032533916)/'}, {'LineNumber': 2, 'Product': {'Guid': '92749139-34bf-44a7-bfb1-e0aff00e137a', 'ProductCode': 'COUCH2', 'ProductDescription': '2-Seater Couch'}, 'ShipmentQty': 15.0, 'UnitCost': 8.5, 'CreatedOn': '/Date(1602032533916)/', 'CreatedBy': 'admin', 'LastModifiedBy': 'admin', 'SalesOrderLineNumber': 2, 'SalesOrderLineId': 83, 'SerialNumbers': None, 'BatchNumbers': None, 'Guid': '0c1a142a-9847-40f8-8072-0009dbbef4b9', 'LastModifiedOn': '/Date(1602032533916)/'}]",ad3a2651-8118-45cb-bfad-9bfa45f513fa,2020-10-07 14:02:13.916
58,SO-00000063,fcc8ea49-0610-4238-a388-e4a5a23f8d9d,SS-00000063,Dispatched,2020-09-25 12:00:00,,,,2020-09-25 13:02:13.916,admin,admin,"[{'LineNumber': 1, 'Product': {'Guid': '871bcd30-c636-4fe2-a5a0-734bdf961b6c', 'ProductCode': 'BOOKSHELF', 'ProductDescription': 'Wooden Bookshelf'}, 'ShipmentQty': 2.0, 'UnitCost': 1771.083, 'CreatedOn': '/Date(1600995733916)/', 'CreatedBy': 'admin', 'LastModifiedBy': 'admin', 'SalesOrderLineNumber': 1, 'SalesOrderLineId': 81, 'SerialNumbers': None, 'BatchNumbers': None, 'Guid': '65fa7064-a455-48dc-85ba-c19575e39775', 'LastModifiedOn': '/Date(1600995733916)/'}]",aed5dc7a-38bf-4421-8c46-c894c006b5d4,2020-09-25 13:02:13.916
59,SO-00000062,bd003aa5-b60f-419e-8814-84062c51f265,SS-00000062,Dispatched,2020-09-21 12:00:00,,,,2020-09-21 13:02:13.916,admin,admin,"[{'LineNumber': 1, 'Product': {'Guid': 'e57b4130-ca43-429d-9adf-2d88086d8b3d', 'ProductCode': 'CHAIR', 'ProductDescription': 'Lounge Chair'}, 'ShipmentQty': 2.0, 'UnitCost': 489.123, 'CreatedOn': '/Date(1600650133916)/', 'CreatedBy': 'admin', 'LastModifiedBy': 'admin', 'SalesOrderLineNumber': 1, 'SalesOrderLineId': 80, 'SerialNumbers': None, 'BatchNumbers': None, 'Guid': 'd7b01288-94e9-425d-8482-d6c92c95c9ec', 'LastModifiedOn': '/Date(1600650133916)/'}]",be61f4b2-d069-46ed-90c5-54ab0c7e7a90,2020-09-21 13:02:13.916
60,SO-00000061,2fb277a3-9640-4773-bad7-d5f59864bdd5,SS-00000061,Dispatched,2020-09-18 12:00:00,,,,2020-09-18 13:02:13.916,admin,admin,"[{'LineNumber': 1, 'Product': {'Guid': 'd5c1e57d-d905-44b8-a15d-887cbc3b2a4e', 'ProductCode': 'NAIL-L', 'ProductDescription': 'Large Nails'}, 'ShipmentQty': 25.0, 'UnitCost': 9.727, 'CreatedOn': '/Date(1600390933916)/', 'CreatedBy': 'admin', 'LastModifiedBy': 'admin', 'SalesOrderLineNumber': 1, 'SalesOrderLineId': 79, 'SerialNumbers': None, 'BatchNumbers': None, 'Guid': '35bdc495-f5f8-4c7b-99ea-e632ec70e935', 'LastModifiedOn': '/Date(1600390933916)/'}]",bb2ed4f0-9564-4aea-92ee-8f2cd71f8b49,2020-09-18 13:02:13.916
61,SO-00000060,34eab7dd-072d-4b6d-81b4-818cbc6e31ad,SS-00000060,Dispatched,2020-09-14 12:00:00,,,,2020-09-14 13:02:13.916,admin,admin,"[{'LineNumber': 1, 'Product': {'Guid': 'fa8403d6-b438-4b4c-ad47-96c5ca686c98', 'ProductCode': 'SHELF', 'ProductDescription': 'Bookshelf Shelf'}, 'ShipmentQty': 20.0, 'UnitCost': 86.3, 'CreatedOn': '/Date(1600045333916)/', 'CreatedBy': 'admin', 'LastModifiedBy': 'admin', 'SalesOrderLineNumber': 1, 'SalesOrderLineId': 76, 'SerialNumbers': None, 'BatchNumbers': None, 'Guid': '177aa883-cb6f-4f84-aad3-ca48af3bec25', 'LastModifiedOn': '/Date(1600045333916)/'}, {'LineNumber': 2, 'Product': {'Guid': '74e86d55-dab8-4142-9f90-befd18e71b59', 'ProductCode': 'COUCH3', 'ProductDescription': '3-Seater Couch'}, 'ShipmentQty': 4.0, 'UnitCost': 67.8, 'CreatedOn': '/Date(1600045333916)/', 'CreatedBy': 'admin', 'LastModifiedBy': 'admin', 'SalesOrderLineNumber': 2, 'SalesOrderLineId': 77, 'SerialNumbers': None, 'BatchNumbers': None, 'Guid': 'ba0bac9b-50a7-4d17-811e-8ea64b3fb330', 'LastModifiedOn': '/Date(1600045333916)/'}, {'LineNumber': 3, 'Product': {'Guid': '92749139-34bf-44a7-bfb1-e0aff00e137a', 'ProductCode': 'COUCH2', 'ProductDescription': '2-Seater Couch'}, 'ShipmentQty': 20.0, 'UnitCost': 8.5, 'CreatedOn': '/Date(1600045333916)/', 'CreatedBy': 'admin', 'LastModifiedBy': 'admin', 'SalesOrderLineNumber': 3, 'SalesOrderLineId': 78, 'SerialNumbers': None, 'BatchNumbers': None, 'Guid': '8847336f-301e-4dff-bc8b-c054fc3e269e', 'LastModifiedOn': '/Date(1600045333916)/'}]",b98c0056-8d71-4e2a-ad76-846c1e1247c3,2020-09-14 13:02:13.916
62,SO-00000059,01bf9ada-9c16-413f-bb91-0919826411f2,SS-00000059,Dispatched,2020-09-07 12:00:00,,,,2020-09-07 13:02:13.916,admin,admin,"[{'LineNumber': 1, 'Product': {'Guid': '74e86d55-dab8-4142-9f90-befd18e71b59', 'ProductCode': 'COUCH3', 'ProductDescription': '3-Seater Couch'}, 'ShipmentQty': 3.0, 'UnitCost': 67.8, 'CreatedOn': '/Date(1599440533916)/', 'CreatedBy': 'admin', 'LastModifiedBy': 'admin', 'SalesOrderLineNumber': 1, 'SalesOrderLineId': 73, 'SerialNumbers': None, 'BatchNumbers': None, 'Guid': '644135d9-0a28-4bac-b71e-a0a897edcf73', 'LastModifiedOn': '/Date(1599440533916)/'}, {'LineNumber': 2, 'Product': {'Guid': 'c37f950a-4b08-4944-804f-11feea3f99b2', 'ProductCode': 'DININGCHAIR', 'ProductDescription': 'Dining Chair'}, 'ShipmentQty': 10.0, 'UnitCost': 12.454, 'CreatedOn': '/Date(1599440533916)/', 'CreatedBy': 'admin', 'LastModifiedBy': 'admin', 'SalesOrderLineNumber': 2, 'SalesOrderLineId': 74, 'SerialNumbers': None, 'BatchNumbers': None, 'Guid': '56064f1f-8276-46bd-a35a-bdefad4bafc9', 'LastModifiedOn': '/Date(1599440533916)/'}, {'LineNumber': 3, 'Product': {'Guid': '5d99ef7e-2439-4b6e-ab60-1137b8d8b5b7', 'ProductCode': 'GLUE', 'ProductDescription': 'Furniture Assembly Glue'}, 'ShipmentQty': 80.0, 'UnitCost': 9.99, 'CreatedOn': '/Date(1599440533916)/', 'CreatedBy': 'admin', 'LastModifiedBy': 'admin', 'SalesOrderLineNumber': 3, 'SalesOrderLineId': 75, 'SerialNumbers': None, 'BatchNumbers': None, 'Guid': 'e298fe51-7563-4dbf-9e23-7e12af933e05', 'LastModifiedOn': '/Date(1599440533916)/'}]",e8b79ad1-810d-474b-8d68-c6ad0c808b97,2020-09-07 13:02:13.916
63,SO-00000058,7f53e92f-82cc-4cb9-a721-ab1c488c0843,SS-00000058,Dispatched,2020-08-28 12:00:00,,,,2020-08-28 13:02:13.916,admin,admin,"[{'LineNumber': 1, 'Product': {'Guid': '92749139-34bf-44a7-bfb1-e0aff00e137a', 'ProductCode': 'COUCH2', 'ProductDescription': '2-Seater Couch'}, 'ShipmentQty': 10.0, 'UnitCost': 8.5, 'CreatedOn': '/Date(1598576533916)/', 'CreatedBy': 'admin', 'LastModifiedBy': 'admin', 'SalesOrderLineNumber': 1, 'SalesOrderLineId': 72, 'SerialNumbers': None, 'BatchNumbers': None, 'Guid': '1f9c9b2d-81d9-4aff-8a97-bb7ee22ee8d0', 'LastModifiedOn': '/Date(1598576533916)/'}]",c212f8d2-2b59-4a9e-ba86-7e1a108ccb28,2020-08-28 13:02:13.916
64,SO-00000057,2c9ba8e5-91ca-4d9d-a4cc-49adb461e6f9,SS-00000057,Dispatched,2020-08-24 12:00:00,,,,2020-08-24 13:02:13.916,admin,admin,"[{'LineNumber': 1, 'Product': {'Guid': 'db69788b-b294-4cd3-9948-558912bbda80', 'ProductCode': 'STAIN', 'ProductDescription': 'Dark Wood Stain'}, 'ShipmentQty': 2.0, 'UnitCost': 80.822, 'CreatedOn': '/Date(1598230933916)/', 'CreatedBy': 'admin', 'LastModifiedBy': 'admin', 'SalesOrderLineNumber': 1, 'SalesOrderLineId': 71, 'SerialNumbers': None, 'BatchNumbers': None, 'Guid': 'ced08797-589d-4d1f-a177-8a63d2c01856', 'LastModifiedOn': '/Date(1598230933916)/'}]",458e2a43-143a-4643-962a-210685b7e0b0,2020-08-24 13:02:13.916
65,SO-00000056,14518990-7039-495d-8baf-222484368c94,SS-00000056,Dispatched,2020-08-17 12:00:00,,,,2020-08-17 13:02:13.916,admin,admin,"[{'LineNumber': 1, 'Product': {'Guid': '7b0eda5d-b873-4cd5-8ca0-0d4d279bfbb8', 'ProductCode': 'DINING', 'ProductDescription': ' Dining Table'}, 'ShipmentQty': 10.0, 'UnitCost': 40.429, 'CreatedOn': '/Date(1597626133916)/', 'CreatedBy': 'admin', 'LastModifiedBy': 'admin', 'SalesOrderLineNumber': 1, 'SalesOrderLineId': 70, 'SerialNumbers': None, 'BatchNumbers': None, 'Guid': '0f301d21-1136-4053-9aff-211a69e94064', 'LastModifiedOn': '/Date(1597626133916)/'}]",b6c6626b-682f-40f0-af09-4f7071015ddb,2020-08-17 13:02:13.916
66,SO-00000055,b67cdf44-7b3f-4491-9f6e-d7c26e77234c,SS-00000055,Dispatched,2020-08-13 12:00:00,,,,2020-08-13 13:02:13.916,admin,admin,"[{'LineNumber': 1, 'Product': {'Guid': '74e86d55-dab8-4142-9f90-befd18e71b59', 'ProductCode': 'COUCH3', 'ProductDescription': '3-Seater Couch'}, 'ShipmentQty': 10.0, 'UnitCost': 67.8, 'CreatedOn': '/Date(1597280533916)/', 'CreatedBy': 'admin', 'LastModifiedBy': 'admin', 'SalesOrderLineNumber': 1, 'SalesOrderLineId': 69, 'SerialNumbers': None, 'BatchNumbers': None, 'Guid': '73cd0625-9251-4164-b9bd-8050cefef9ca', 'LastModifiedOn': '/Date(1597280533916)/'}]",4be2d636-2c1a-4542-a3aa-932108b0b66a,2020-08-13 13:02:13.916
67,SO-00000054,f490ddb5-4328-46f3-af3b-30e1b029b717,SS-00000054,Dispatched,2020-08-09 12:00:00,,,,2020-08-09 13:02:13.916,admin,admin,"[{'LineNumber': 1, 'Product': {'Guid': '871bcd30-c636-4fe2-a5a0-734bdf961b6c', 'ProductCode': 'BOOKSHELF', 'ProductDescription': 'Wooden Bookshelf'}, 'ShipmentQty': 1.0, 'UnitCost': 1771.083, 'CreatedOn': '/Date(1596934933916)/', 'CreatedBy': 'admin', 'LastModifiedBy': 'admin', 'SalesOrderLineNumber': 1, 'SalesOrderLineId': 68, 'SerialNumbers': None, 'BatchNumbers': None, 'Guid': '5003ae99-1046-4453-9a18-52d99f229c7f', 'LastModifiedOn': '/Date(1596934933916)/'}]",51de15f6-54b0-4a37-9934-d5b8d5d1488c,2020-08-09 13:02:13.916
68,SO-00000053,fa806b3d-d63c-4a99-9d4d-c8089be68cbd,SS-00000053,Dispatched,2020-08-04 12:00:00,,,,2020-08-04 13:02:13.916,admin,admin,"[{'LineNumber': 1, 'Product': {'Guid': 'fa8403d6-b438-4b4c-ad47-96c5ca686c98', 'ProductCode': 'SHELF', 'ProductDescription': 'Bookshelf Shelf'}, 'ShipmentQty': 20.0, 'UnitCost': 86.3, 'CreatedOn': '/Date(1596502933916)/', 'CreatedBy': 'admin', 'LastModifiedBy': 'admin', 'SalesOrderLineNumber': 1, 'SalesOrderLineId': 67, 'SerialNumbers': None, 'BatchNumbers': None, 'Guid': '52b80226-d965-4946-880e-f3934dad4fcc', 'LastModifiedOn': '/Date(1596502933916)/'}]",0f655268-e993-466e-bdeb-e19ba41d4bec,2020-08-04 13:02:13.916
69,SO-00000052,241139d8-2d18-46fa-8b45-f6edf9fd8ee8,SS-00000052,Dispatched,2020-07-29 12:00:00,,,,2020-07-29 13:02:13.916,admin,admin,"[{'LineNumber': 1, 'Product': {'Guid': 'fa8403d6-b438-4b4c-ad47-96c5ca686c98', 'ProductCode': 'SHELF', 'ProductDescription': 'Bookshelf Shelf'}, 'ShipmentQty': 15.0, 'UnitCost': 86.3, 'CreatedOn': '/Date(1595984533916)/', 'CreatedBy': 'admin', 'LastModifiedBy': 'admin', 'SalesOrderLineNumber': 1, 'SalesOrderLineId': 66, 'SerialNumbers': None, 'BatchNumbers': None, 'Guid': '004e296d-9881-4332-a30d-55afe0f82385', 'LastModifiedOn': '/Date(1595984533916)/'}]",84610b20-d3c9-4a95-97ec-e216bd358c8c,2020-07-29 13:02:13.916
70,SO-00000051,29e8a1e7-0cf5-45e9-a275-6c215d9e239b,SS-00000051,Dispatched,2020-07-23 12:00:00,,,,2020-07-23 13:02:13.916,admin,admin,"[{'LineNumber': 1, 'Product': {'Guid': 'e57b4130-ca43-429d-9adf-2d88086d8b3d', 'ProductCode': 'CHAIR', 'ProductDescription': 'Lounge Chair'}, 'ShipmentQty': 2.0, 'UnitCost': 489.123, 'CreatedOn': '/Date(1595466133916)/', 'CreatedBy': 'admin', 'LastModifiedBy': 'admin', 'SalesOrderLineNumber': 1, 'SalesOrderLineId': 65, 'SerialNumbers': None, 'BatchNumbers': None, 'Guid': 'd8d064bd-befe-4269-b5b6-f7bb1fb93e3e', 'LastModifiedOn': '/Date(1595466133916)/'}]",4149d105-2f70-4219-a64c-543d430506ed,2020-07-23 13:02:13.916
71,SO-00000050,9246f54d-cdab-49a1-ba6b-defe4aeb560e,SS-00000050,Dispatched,2020-07-18 12:00:00,,,,2020-07-18 13:02:13.916,admin,admin,"[{'LineNumber': 1, 'Product': {'Guid': 'db69788b-b294-4cd3-9948-558912bbda80', 'ProductCode': 'STAIN', 'ProductDescription': 'Dark Wood Stain'}, 'ShipmentQty': 4.0, 'UnitCost': 80.822, 'CreatedOn': '/Date(1595034133916)/', 'CreatedBy': 'admin', 'LastModifiedBy': 'admin', 'SalesOrderLineNumber': 1, 'SalesOrderLineId': 64, 'SerialNumbers': None, 'BatchNumbers': None, 'Guid': '8af490a7-0bdd-4443-af0b-b9b0b98a10d9', 'LastModifiedOn': '/Date(1595034133916)/'}]",a0a357dd-b3a4-4b53-a987-342a5d264ebf,2020-07-18 13:02:13.916
72,SO-00000049,7b9d9943-0451-4d82-a351-6e3589d0512d,SS-00000049,Dispatched,2020-07-15 12:00:00,,,,2020-07-15 13:02:13.916,admin,admin,"[{'LineNumber': 1, 'Product': {'Guid': '871bcd30-c636-4fe2-a5a0-734bdf961b6c', 'ProductCode': 'BOOKSHELF', 'ProductDescription': 'Wooden Bookshelf'}, 'ShipmentQty': 1.0, 'UnitCost': 1771.083, 'CreatedOn': '/Date(1594774933916)/', 'CreatedBy': 'admin', 'LastModifiedBy': 'admin', 'SalesOrderLineNumber': 1, 'SalesOrderLineId': 63, 'SerialNumbers': None, 'BatchNumbers': None, 'Guid': '735590f9-4a3f-4699-befa-613388be1890', 'LastModifiedOn': '/Date(1594774933916)/'}]",bb5bb590-c146-4659-9e39-fa012cb944d3,2020-07-15 13:02:13.916
73,SO-00000048,0d8af64c-6c6c-4d18-a5ca-e3e8921ebe14,SS-00000048,Dispatched,2020-07-08 12:00:00,,,,2020-07-08 13:02:13.916,admin,admin,"[{'LineNumber': 1, 'Product': {'Guid': 'fa8403d6-b438-4b4c-ad47-96c5ca686c98', 'ProductCode': 'SHELF', 'ProductDescription': 'Bookshelf Shelf'}, 'ShipmentQty': 20.0, 'UnitCost': 86.3, 'CreatedOn': '/Date(1594170133916)/', 'CreatedBy': 'admin', 'LastModifiedBy': 'admin', 'SalesOrderLineNumber': 1, 'SalesOrderLineId': 62, 'SerialNumbers': None, 'BatchNumbers': None, 'Guid': '1fa53aa9-8614-428c-96ab-b93b9a1721f9', 'LastModifiedOn': '/Date(1594170133916)/'}]",9f2ebf0f-92f5-4744-a0f6-11340a1834f0,2020-07-08 13:02:13.916
74,SO-00000047,888ecca3-775d-4ffd-904d-16cdb0c2b4e8,SS-00000047,Dispatched,2020-07-02 12:00:00,,,,2020-07-02 13:02:13.916,admin,admin,"[{'LineNumber': 1, 'Product': {'Guid': '74e86d55-dab8-4142-9f90-befd18e71b59', 'ProductCode': 'COUCH3', 'ProductDescription': '3-Seater Couch'}, 'ShipmentQty': 3.0, 'UnitCost': 67.8, 'CreatedOn': '/Date(1593651733916)/', 'CreatedBy': 'admin', 'LastModifiedBy': 'admin', 'SalesOrderLineNumber': 1, 'SalesOrderLineId': 61, 'SerialNumbers': None, 'BatchNumbers': None, 'Guid': 'e3731a4c-33f9-433a-8a27-81044ea32eb2', 'LastModifiedOn': '/Date(1593651733916)/'}]",fe74ed9e-39ca-48f1-ae39-aed1b79e81c3,2020-07-02 13:02:13.916
75,SO-00000046,e69a6612-cba5-4c5c-8344-4ccd4483e6bb,SS-00000046,Dispatched,2020-06-30 12:00:00,,,,2020-06-30 13:02:13.916,admin,admin,"[{'LineNumber': 1, 'Product': {'Guid': '7b0eda5d-b873-4cd5-8ca0-0d4d279bfbb8', 'ProductCode': 'DINING', 'ProductDescription': ' Dining Table'}, 'ShipmentQty': 12.0, 'UnitCost': 40.429, 'CreatedOn': '/Date(1593478933916)/', 'CreatedBy': 'admin', 'LastModifiedBy': 'admin', 'SalesOrderLineNumber': 1, 'SalesOrderLineId': 60, 'SerialNumbers': None, 'BatchNumbers': None, 'Guid': 'a51634ca-ff35-4c01-942f-592be73fb560', 'LastModifiedOn': '/Date(1593478933916)/'}]",c09489c7-ca1e-40de-b21b-28ca258a6ac8,2020-06-30 13:02:13.916
76,SO-00000045,273c4b1d-b2c7-4359-a506-906117f524a3,SS-00000045,Dispatched,2020-06-23 12:00:00,,,,2020-06-23 13:02:13.916,admin,admin,"[{'LineNumber': 1, 'Product': {'Guid': '871bcd30-c636-4fe2-a5a0-734bdf961b6c', 'ProductCode': 'BOOKSHELF', 'ProductDescription': 'Wooden Bookshelf'}, 'ShipmentQty': 1.0, 'UnitCost': 1771.083, 'CreatedOn': '/Date(1592874133916)/', 'CreatedBy': 'admin', 'LastModifiedBy': 'admin', 'SalesOrderLineNumber': 2, 'SalesOrderLineId': 58, 'SerialNumbers': None, 'BatchNumbers': None, 'Guid': 'a47e8697-d987-42c7-8e7a-69a6985eeb34', 'LastModifiedOn': '/Date(1592874133916)/'}, {'LineNumber': 2, 'Product': {'Guid': 'fa8403d6-b438-4b4c-ad47-96c5ca686c98', 'ProductCode': 'SHELF', 'ProductDescription': 'Bookshelf Shelf'}, 'ShipmentQty': 10.0, 'UnitCost': 86.3, 'CreatedOn': '/Date(1592874133916)/', 'CreatedBy': 'admin', 'LastModifiedBy': 'admin', 'SalesOrderLineNumber': 3, 'SalesOrderLineId': 59, 'SerialNumbers': None, 'BatchNumbers': None, 'Guid': '19dd7d7a-2d95-4e74-8a8d-5facb8996d3c', 'LastModifiedOn': '/Date(1592874133916)/'}]",d2ea5d3b-4409-4958-83ed-d247c05529e6,2020-06-23 13:02:13.916
77,SO-00000044,0c39b0a6-e4c8-453e-b753-3c5f4600c446,SS-00000044,Dispatched,2020-06-20 12:00:00,,,,2020-06-20 13:02:13.916,admin,admin,"[{'LineNumber': 1, 'Product': {'Guid': '344e29ea-e6de-43d3-82b2-7fb7ba6f7783', 'ProductCode': 'NAIL-S', 'ProductDescription': 'Small Nails'}, 'ShipmentQty': 3.0, 'UnitCost': 9.442, 'CreatedOn': '/Date(1592614933916)/', 'CreatedBy': 'admin', 'LastModifiedBy': 'admin', 'SalesOrderLineNumber': 1, 'SalesOrderLineId': 56, 'SerialNumbers': None, 'BatchNumbers': None, 'Guid': '1ef92c74-9b50-4451-b2bc-c726d627e0b1', 'LastModifiedOn': '/Date(1592614933916)/'}]",e2bcbd4a-12dd-47b6-bf53-ebe950be90eb,2020-06-20 13:02:13.916
78,SO-00000043,f191a18f-4986-444b-b001-91efc1bbb019,SS-00000043,Dispatched,2020-06-11 12:00:00,,,,2020-06-11 13:02:13.916,admin,admin,"[{'LineNumber': 1, 'Product': {'Guid': 'c37f950a-4b08-4944-804f-11feea3f99b2', 'ProductCode': 'DININGCHAIR', 'ProductDescription': 'Dining Chair'}, 'ShipmentQty': 10.0, 'UnitCost': 12.454, 'CreatedOn': '/Date(1591837333916)/', 'CreatedBy': 'admin', 'LastModifiedBy': 'admin', 'SalesOrderLineNumber': 1, 'SalesOrderLineId': 55, 'SerialNumbers': None, 'BatchNumbers': None, 'Guid': '998b4575-0a92-47ea-a47d-cd90b02d4d05', 'LastModifiedOn': '/Date(1591837333916)/'}]",5d18e0fd-e970-4d30-87f0-0956d262f8d3,2020-06-11 13:02:13.916
79,SO-00000042,1772933d-b1ed-455b-a0aa-efb9fce90d45,SS-00000042,Dispatched,2020-06-05 12:00:00,,,,2020-06-05 13:02:13.916,admin,admin,"[{'LineNumber': 1, 'Product': {'Guid': '74e86d55-dab8-4142-9f90-befd18e71b59', 'ProductCode': 'COUCH3', 'ProductDescription': '3-Seater Couch'}, 'ShipmentQty': 5.0, 'UnitCost': 67.8, 'CreatedOn': '/Date(1591318933916)/', 'CreatedBy': 'admin', 'LastModifiedBy': 'admin', 'SalesOrderLineNumber': 1, 'SalesOrderLineId': 54, 'SerialNumbers': None, 'BatchNumbers': None, 'Guid': 'b90dabf9-6b81-4c2d-8d6f-aee48a7e7031', 'LastModifiedOn': '/Date(1591318933916)/'}]",ec2e970a-46fa-4b9e-8c7c-c5f1399e00dc,2020-06-05 13:02:13.916
80,SO-00000041,2aeac066-e0ed-43e3-bbb1-e0792c1eb298,SS-00000041,Dispatched,2020-05-30 12:00:00,,,,2020-05-30 13:02:13.916,admin,admin,"[{'LineNumber': 1, 'Product': {'Guid': 'db69788b-b294-4cd3-9948-558912bbda80', 'ProductCode': 'STAIN', 'ProductDescription': 'Dark Wood Stain'}, 'ShipmentQty': 10.0, 'UnitCost': 80.822, 'CreatedOn': '/Date(1590800533916)/', 'CreatedBy': 'admin', 'LastModifiedBy': 'admin', 'SalesOrderLineNumber': 1, 'SalesOrderLineId': 53, 'SerialNumbers': None, 'BatchNumbers': None, 'Guid': 'cb220fe5-45af-4f40-b2da-5378324afc80', 'LastModifiedOn': '/Date(1590800533916)/'}]",551cbd51-d10f-4260-b650-72c187c36163,2020-05-30 13:02:13.916
81,SO-00000040,95f72c55-80ce-4b20-b8c3-5df911887e56,SS-00000040,Dispatched,2020-05-24 12:00:00,,,,2020-05-24 13:02:13.916,admin,admin,"[{'LineNumber': 1, 'Product': {'Guid': 'e57b4130-ca43-429d-9adf-2d88086d8b3d', 'ProductCode': 'CHAIR', 'ProductDescription': 'Lounge Chair'}, 'ShipmentQty': 2.0, 'UnitCost': 489.123, 'CreatedOn': '/Date(1590282133916)/', 'CreatedBy': 'admin', 'LastModifiedBy': 'admin', 'SalesOrderLineNumber': 1, 'SalesOrderLineId': 52, 'SerialNumbers': None, 'BatchNumbers': None, 'Guid': 'f6b2242a-5d59-44ed-a921-998eaab8e572', 'LastModifiedOn': '/Date(1590282133916)/'}]",7c4f6fcf-1fba-4901-bc39-d08167dee5b2,2020-05-24 13:02:13.916
82,SO-00000039,0cb593d4-19ee-4bfc-b53a-d4fbd3fd4ddd,SS-00000039,Dispatched,2020-05-20 12:00:00,,,,2020-05-20 13:02:13.916,admin,admin,"[{'LineNumber': 1, 'Product': {'Guid': 'fa8403d6-b438-4b4c-ad47-96c5ca686c98', 'ProductCode': 'SHELF', 'ProductDescription': 'Bookshelf Shelf'}, 'ShipmentQty': 20.0, 'UnitCost': 86.3, 'CreatedOn': '/Date(1589936533916)/', 'CreatedBy': 'admin', 'LastModifiedBy': 'admin', 'SalesOrderLineNumber': 1, 'SalesOrderLineId': 50, 'SerialNumbers': None, 'BatchNumbers': None, 'Guid': '1f165487-2b8a-48e7-9e8b-1bbf788a1e47', 'LastModifiedOn': '/Date(1589936533916)/'}, {'LineNumber': 2, 'Product': {'Guid': '92749139-34bf-44a7-bfb1-e0aff00e137a', 'ProductCode': 'COUCH2', 'ProductDescription': '2-Seater Couch'}, 'ShipmentQty': 20.0, 'UnitCost': 8.5, 'CreatedOn': '/Date(1589936533916)/', 'CreatedBy': 'admin', 'LastModifiedBy': 'admin', 'SalesOrderLineNumber': 2, 'SalesOrderLineId': 51, 'SerialNumbers': None, 'BatchNumbers': None, 'Guid': '2db0e7da-8612-4675-8b1a-869290063e91', 'LastModifiedOn': '/Date(1589936533916)/'}]",d850e3ee-d70c-4514-a92f-884f46dcf689,2020-05-20 13:02:13.916
83,SO-00000038,d1595f78-5f31-42bd-9117-9cf39f00ad62,SS-00000038,Dispatched,2020-05-11 12:00:00,,,,2020-05-11 13:02:13.916,admin,admin,"[{'LineNumber': 1, 'Product': {'Guid': 'fa8403d6-b438-4b4c-ad47-96c5ca686c98', 'ProductCode': 'SHELF', 'ProductDescription': 'Bookshelf Shelf'}, 'ShipmentQty': 30.0, 'UnitCost': 86.3, 'CreatedOn': '/Date(1589158933916)/', 'CreatedBy': 'admin', 'LastModifiedBy': 'admin', 'SalesOrderLineNumber': 1, 'SalesOrderLineId': 49, 'SerialNumbers': None, 'BatchNumbers': None, 'Guid': '9370f8a1-14df-4f70-8170-d5e0333a9dd1', 'LastModifiedOn': '/Date(1589158933916)/'}]",c14cdc74-5786-44ca-aeac-1ec2b0b6e619,2020-05-11 13:02:13.916
84,SO-00000037,167c3b8e-c0ed-4194-9b36-811b0c719c87,SS-00000037,Dispatched,2020-04-27 12:00:00,,,,2020-04-27 13:02:13.916,admin,admin,"[{'LineNumber': 1, 'Product': {'Guid': 'c37f950a-4b08-4944-804f-11feea3f99b2', 'ProductCode': 'DININGCHAIR', 'ProductDescription': 'Dining Chair'}, 'ShipmentQty': 6.0, 'UnitCost': 12.454, 'CreatedOn': '/Date(1587949333916)/', 'CreatedBy': 'admin', 'LastModifiedBy': 'admin', 'SalesOrderLineNumber': 1, 'SalesOrderLineId': 48, 'SerialNumbers': None, 'BatchNumbers': None, 'Guid': '58fe2805-35c9-40b6-82e2-c4aeeb269562', 'LastModifiedOn': '/Date(1587949333916)/'}]",34ba6390-5841-4fa5-94eb-1e6b3e7cac92,2020-04-27 13:02:13.916
85,SO-00000036,0db183e1-5b86-4fd9-b7cb-fcfe403b702c,SS-00000036,Dispatched,2020-04-20 12:00:00,,,,2020-04-20 13:02:13.916,admin,admin,"[{'LineNumber': 1, 'Product': {'Guid': '92749139-34bf-44a7-bfb1-e0aff00e137a', 'ProductCode': 'COUCH2', 'ProductDescription': '2-Seater Couch'}, 'ShipmentQty': 15.0, 'UnitCost': 8.5, 'CreatedOn': '/Date(1587344533916)/', 'CreatedBy': 'admin', 'LastModifiedBy': 'admin', 'SalesOrderLineNumber': 1, 'SalesOrderLineId': 47, 'SerialNumbers': None, 'BatchNumbers': None, 'Guid': '3d2d2f67-b653-4451-a6fd-4f3c4ece235b', 'LastModifiedOn': '/Date(1587344533916)/'}]",2e49a418-ff76-489f-9716-1e3885972454,2020-04-20 13:02:13.916
86,SO-00000035,46cf7076-d0ea-427a-8c5f-61ffe130745f,SS-00000035,Dispatched,2020-04-13 12:00:00,,,,2020-04-13 13:02:13.916,admin,admin,"[{'LineNumber': 1, 'Product': {'Guid': '74e86d55-dab8-4142-9f90-befd18e71b59', 'ProductCode': 'COUCH3', 'ProductDescription': '3-Seater Couch'}, 'ShipmentQty': 3.0, 'UnitCost': 67.8, 'CreatedOn': '/Date(1586739733916)/', 'CreatedBy': 'admin', 'LastModifiedBy': 'admin', 'SalesOrderLineNumber': 1, 'SalesOrderLineId': 46, 'SerialNumbers': None, 'BatchNumbers': None, 'Guid': '856f8fb4-0fe5-4eba-b530-6d6d96d9b009', 'LastModifiedOn': '/Date(1586739733916)/'}]",b4227090-6cd3-425a-b379-78c60009d39a,2020-04-13 13:02:13.916
87,SO-00000034,c745d2fb-06d8-4141-957d-21360e44ea6c,SS-00000034,Dispatched,2020-04-06 12:00:00,,,,2020-04-06 13:02:13.916,admin,admin,"[{'LineNumber': 1, 'Product': {'Guid': '5d99ef7e-2439-4b6e-ab60-1137b8d8b5b7', 'ProductCode': 'GLUE', 'ProductDescription': 'Furniture Assembly Glue'}, 'ShipmentQty': 160.0, 'UnitCost': 9.99, 'CreatedOn': '/Date(1586134933916)/', 'CreatedBy': 'admin', 'LastModifiedBy': 'admin', 'SalesOrderLineNumber': 1, 'SalesOrderLineId': 45, 'SerialNumbers': None, 'BatchNumbers': None, 'Guid': '222a4e65-12bd-4bb5-968c-1c2a5dcb5e92', 'LastModifiedOn': '/Date(1586134933916)/'}]",5e722d0e-0745-4641-9f7d-df6da0299e84,2020-04-06 13:02:13.916
88,SO-00000033,1466d769-4bd7-49bf-a11c-e6323559d969,SS-00000033,Dispatched,2020-04-02 13:00:00,,,,2020-04-02 14:02:13.916,admin,admin,"[{'LineNumber': 1, 'Product': {'Guid': '344e29ea-e6de-43d3-82b2-7fb7ba6f7783', 'ProductCode': 'NAIL-S', 'ProductDescription': 'Small Nails'}, 'ShipmentQty': 10.0, 'UnitCost': 9.442, 'CreatedOn': '/Date(1585789333916)/', 'CreatedBy': 'admin', 'LastModifiedBy': 'admin', 'SalesOrderLineNumber': 1, 'SalesOrderLineId': 42, 'SerialNumbers': None, 'BatchNumbers': None, 'Guid': 'c0ba5a6f-8ad7-4771-a550-495f18ae07f6', 'LastModifiedOn': '/Date(1585789333916)/'}, {'LineNumber': 2, 'Product': {'Guid': 'b5ba0cae-0e4b-460d-b288-16f0b124c0b8', 'ProductCode': 'NAIL-M', 'ProductDescription': 'Medium Nails'}, 'ShipmentQty': 10.0, 'UnitCost': 9.124, 'CreatedOn': '/Date(1585789333916)/', 'CreatedBy': 'admin', 'LastModifiedBy': 'admin', 'SalesOrderLineNumber': 2, 'SalesOrderLineId': 43, 'SerialNumbers': None, 'BatchNumbers': None, 'Guid': '7b671174-1f70-44cc-9030-5589a62e42e2', 'LastModifiedOn': '/Date(1585789333916)/'}, {'LineNumber': 3, 'Product': {'Guid': 'd5c1e57d-d905-44b8-a15d-887cbc3b2a4e', 'ProductCode': 'NAIL-L', 'ProductDescription': 'Large Nails'}, 'ShipmentQty': 10.0, 'UnitCost': 9.727, 'CreatedOn': '/Date(1585789333916)/', 'CreatedBy': 'admin', 'LastModifiedBy': 'admin', 'SalesOrderLineNumber': 3, 'SalesOrderLineId': 44, 'SerialNumbers': None, 'BatchNumbers': None, 'Guid': '0ffbb09a-d6a6-4f4d-bd56-8d2be5cdca1e', 'LastModifiedOn': '/Date(1585789333916)/'}]",bab3c225-849d-447d-9bb7-e7e3028c7bb9,2020-04-02 14:02:13.916
89,SO-00000031,7c6433ab-7d21-45ff-8716-fc5bc8b228d1,SS-00000031,Dispatched,2020-03-21 13:00:00,,,,2020-03-21 14:02:13.916,admin,admin,"[{'LineNumber': 1, 'Product': {'Guid': '92749139-34bf-44a7-bfb1-e0aff00e137a', 'ProductCode': 'COUCH2', 'ProductDescription': '2-Seater Couch'}, 'ShipmentQty': 20.0, 'UnitCost': 8.5, 'CreatedOn': '/Date(1584752533916)/', 'CreatedBy': 'admin', 'LastModifiedBy': 'admin', 'SalesOrderLineNumber': 1, 'SalesOrderLineId': 40, 'SerialNumbers': None, 'BatchNumbers': None, 'Guid': '316e68e7-55f5-4dfa-8d1a-500fa48049a1', 'LastModifiedOn': '/Date(1584752533916)/'}]",bc51b2a6-036d-435c-ad16-6e933c5209c9,2020-03-21 14:02:13.916
90,SO-00000030,c5a24521-aecd-4334-8406-ff2c5da2ae98,SS-00000030,Dispatched,2020-03-17 13:00:00,,,,2020-03-17 14:02:13.916,admin,admin,"[{'LineNumber': 1, 'Product': {'Guid': 'e57b4130-ca43-429d-9adf-2d88086d8b3d', 'ProductCode': 'CHAIR', 'ProductDescription': 'Lounge Chair'}, 'ShipmentQty': 2.0, 'UnitCost': 489.123, 'CreatedOn': '/Date(1584406933916)/', 'CreatedBy': 'admin', 'LastModifiedBy': 'admin', 'SalesOrderLineNumber': 1, 'SalesOrderLineId': 39, 'SerialNumbers': None, 'BatchNumbers': None, 'Guid': '489e3532-2ce1-4533-a737-af3f5d848c96', 'LastModifiedOn': '/Date(1584406933916)/'}]",62810fcc-051c-463c-be3d-e2af4a1a2e82,2020-03-17 14:02:13.916
91,SO-00000029,cb5adb6e-684f-43c2-9770-52e1dec16b32,SS-00000029,Dispatched,2020-03-09 13:00:00,,,,2020-03-09 14:02:13.916,admin,admin,"[{'LineNumber': 1, 'Product': {'Guid': '871bcd30-c636-4fe2-a5a0-734bdf961b6c', 'ProductCode': 'BOOKSHELF', 'ProductDescription': 'Wooden Bookshelf'}, 'ShipmentQty': 1.0, 'UnitCost': 1771.083, 'CreatedOn': '/Date(1583715733916)/', 'CreatedBy': 'admin', 'LastModifiedBy': 'admin', 'SalesOrderLineNumber': 1, 'SalesOrderLineId': 38, 'SerialNumbers': None, 'BatchNumbers': None, 'Guid': '6a1dfd5f-a7b3-4e3b-bb1b-b71b95ceb898', 'LastModifiedOn': '/Date(1583715733916)/'}]",8a67cf0d-ecb9-4c26-87a7-735b43b20749,2020-03-09 14:02:13.916
92,SO-00000028,e7bb8b3c-1cb3-4734-bfad-d5764613cb5b,SS-00000028,Dispatched,2020-02-29 13:00:00,,,,2020-02-29 14:02:13.916,admin,admin,"[{'LineNumber': 1, 'Product': {'Guid': 'fa8403d6-b438-4b4c-ad47-96c5ca686c98', 'ProductCode': 'SHELF', 'ProductDescription': 'Bookshelf Shelf'}, 'ShipmentQty': 25.0, 'UnitCost': 86.3, 'CreatedOn': '/Date(1582938133916)/', 'CreatedBy': 'admin', 'LastModifiedBy': 'admin', 'SalesOrderLineNumber': 1, 'SalesOrderLineId': 37, 'SerialNumbers': None, 'BatchNumbers': None, 'Guid': '98805fcf-387d-4ec8-9449-e8a7bdc19493', 'LastModifiedOn': '/Date(1582938133916)/'}]",fe545624-d33f-4ac2-afaf-536dd8b83382,2020-02-29 14:02:13.916
93,SO-00000027,de39286b-0719-4fef-b6b8-f622a2cc7b05,SS-00000027,Dispatched,2020-02-21 13:00:00,,,,2020-02-21 14:02:13.916,admin,admin,"[{'LineNumber': 1, 'Product': {'Guid': 'c37f950a-4b08-4944-804f-11feea3f99b2', 'ProductCode': 'DININGCHAIR', 'ProductDescription': 'Dining Chair'}, 'ShipmentQty': 2.0, 'UnitCost': 12.454, 'CreatedOn': '/Date(1582246933916)/', 'CreatedBy': 'admin', 'LastModifiedBy': 'admin', 'SalesOrderLineNumber': 1, 'SalesOrderLineId': 36, 'SerialNumbers': None, 'BatchNumbers': None, 'Guid': '7c5028c6-fe76-4c2a-aca4-26147fe1c1df', 'LastModifiedOn': '/Date(1582246933916)/'}]",d8aa75e6-0bd1-4482-89cd-73639d83ee67,2020-02-21 14:02:13.916
94,SO-00000026,c5f18d4c-c8be-4515-8bf3-55b9ea3c527d,SS-00000026,Dispatched,2020-02-15 13:00:00,,,,2020-02-15 14:02:13.916,admin,admin,"[{'LineNumber': 1, 'Product': {'Guid': '7b0eda5d-b873-4cd5-8ca0-0d4d279bfbb8', 'ProductCode': 'DINING', 'ProductDescription': ' Dining Table'}, 'ShipmentQty': 2.0, 'UnitCost': 40.429, 'CreatedOn': '/Date(1581728533916)/', 'CreatedBy': 'admin', 'LastModifiedBy': 'admin', 'SalesOrderLineNumber': 1, 'SalesOrderLineId': 35, 'SerialNumbers': None, 'BatchNumbers': None, 'Guid': 'e786fc01-06a6-4ea8-b686-d636647826ea', 'LastModifiedOn': '/Date(1581728533916)/'}]",722db107-b728-4e38-9f95-21e5aaeb4fa7,2020-02-15 14:02:13.916
95,SO-00000025,a5a5f6c2-41b5-4853-a226-0421028e4d3b,SS-00000025,Dispatched,2020-02-09 13:00:00,,,,2020-02-09 14:02:13.916,admin,admin,"[{'LineNumber': 1, 'Product': {'Guid': '7b0eda5d-b873-4cd5-8ca0-0d4d279bfbb8', 'ProductCode': 'DINING', 'ProductDescription': ' Dining Table'}, 'ShipmentQty': 5.0, 'UnitCost': 40.429, 'CreatedOn': '/Date(1581210133916)/', 'CreatedBy': 'admin', 'LastModifiedBy': 'admin', 'SalesOrderLineNumber': 1, 'SalesOrderLineId': 34, 'SerialNumbers': None, 'BatchNumbers': None, 'Guid': 'f3a079a0-05fb-42f6-8ddd-d81ee55c57bf', 'LastModifiedOn': '/Date(1581210133916)/'}]",75192998-d077-4c2f-bfa3-86d2b54156f7,2020-02-09 14:02:13.916
96,SO-00000024,dea57cdb-aeee-45d1-95c6-78d45cf338cb,SS-00000024,Dispatched,2020-02-02 13:00:00,,,,2020-02-02 14:02:13.916,admin,admin,"[{'LineNumber': 1, 'Product': {'Guid': 'b5ba0cae-0e4b-460d-b288-16f0b124c0b8', 'ProductCode': 'NAIL-M', 'ProductDescription': 'Medium Nails'}, 'ShipmentQty': 20.0, 'UnitCost': 9.124, 'CreatedOn': '/Date(1580605333916)/', 'CreatedBy': 'admin', 'LastModifiedBy': 'admin', 'SalesOrderLineNumber': 1, 'SalesOrderLineId': 33, 'SerialNumbers': None, 'BatchNumbers': None, 'Guid': 'db8a717e-37ec-4a71-906a-b822c70f7a0a', 'LastModifiedOn': '/Date(1580605333916)/'}]",d1a2cc26-68a2-4aa3-95d2-a4aba4b40ad6,2020-02-02 14:02:13.916
97,SO-00000022,cc7accaa-2d59-4f95-ab40-83c0f6eb0b78,SS-00000022,Dispatched,2020-01-30 13:00:00,,,,2020-01-30 14:02:13.916,admin,admin,"[{'LineNumber': 1, 'Product': {'Guid': 'c37f950a-4b08-4944-804f-11feea3f99b2', 'ProductCode': 'DININGCHAIR', 'ProductDescription': 'Dining Chair'}, 'ShipmentQty': 4.0, 'UnitCost': 12.454, 'CreatedOn': '/Date(1580346133916)/', 'CreatedBy': 'admin', 'LastModifiedBy': 'admin', 'SalesOrderLineNumber': 1, 'SalesOrderLineId': 31, 'SerialNumbers': None, 'BatchNumbers': None, 'Guid': '2def6b56-be1d-412d-a886-c2c6a3ea1127', 'LastModifiedOn': '/Date(1580346133916)/'}]",36251528-1d5b-46e5-80bf-54a20fb46042,2020-01-30 14:02:13.916
98,SO-00000023,c6d1e737-74d0-4fbd-a726-a5adbbfb3af2,SS-00000023,Dispatched,2020-01-30 13:00:00,,,,2020-01-30 14:02:13.916,admin,admin,"[{'LineNumber': 1, 'Product': {'Guid': '7b0eda5d-b873-4cd5-8ca0-0d4d279bfbb8', 'ProductCode': 'DINING', 'ProductDescription': ' Dining Table'}, 'ShipmentQty': 2.0, 'UnitCost': 40.429, 'CreatedOn': '/Date(1580346133916)/', 'CreatedBy': 'admin', 'LastModifiedBy': 'admin', 'SalesOrderLineNumber': 1, 'SalesOrderLineId': 32, 'SerialNumbers': None, 'BatchNumbers': None, 'Guid': 'e48fd961-ff2c-4799-91f6-0e8b93dd6c0e', 'LastModifiedOn': '/Date(1580346133916)/'}]",bec89a4f-de55-4ec3-b432-013823b7c29e,2020-01-30 14:02:13.916
99,SO-00000021,af1ab3f4-4d2b-4e73-81fc-2c7c991c2994,SS-00000021,Dispatched,2020-01-22 13:00:00,,,,2020-01-22 14:02:13.916,admin,admin,"[{'LineNumber': 1, 'Product': {'Guid': '92749139-34bf-44a7-bfb1-e0aff00e137a', 'ProductCode': 'COUCH2', 'ProductDescription': '2-Seater Couch'}, 'ShipmentQty': 15.0, 'UnitCost': 8.5, 'CreatedOn': '/Date(1579654933916)/', 'CreatedBy': 'admin', 'LastModifiedBy': 'admin', 'SalesOrderLineNumber': 1, 'SalesOrderLineId': 27, 'SerialNumbers': None, 'BatchNumbers': None, 'Guid': '1a68b74c-d751-4908-b923-7ab81f3f4e18', 'LastModifiedOn': '/Date(1579654933916)/'}, {'LineNumber': 2, 'Product': {'Guid': 'fa8403d6-b438-4b4c-ad47-96c5ca686c98', 'ProductCode': 'SHELF', 'ProductDescription': 'Bookshelf Shelf'}, 'ShipmentQty': 25.0, 'UnitCost': 86.3, 'CreatedOn': '/Date(1579654933916)/', 'CreatedBy': 'admin', 'LastModifiedBy': 'admin', 'SalesOrderLineNumber': 2, 'SalesOrderLineId': 28, 'SerialNumbers': None, 'BatchNumbers': None, 'Guid': '1c865050-93df-49f3-a1b6-1b8ee6b15b8b', 'LastModifiedOn': '/Date(1579654933916)/'}, {'LineNumber': 3, 'Product': {'Guid': 'db69788b-b294-4cd3-9948-558912bbda80', 'ProductCode': 'STAIN', 'ProductDescription': 'Dark Wood Stain'}, 'ShipmentQty': 1.0, 'UnitCost': 80.822, 'CreatedOn': '/Date(1579654933916)/', 'CreatedBy': 'admin', 'LastModifiedBy': 'admin', 'SalesOrderLineNumber': 3, 'SalesOrderLineId': 29, 'SerialNumbers': None, 'BatchNumbers': None, 'Guid': 'd0797f20-1f4b-4fb4-a98a-63f2fc26a31b', 'LastModifiedOn': '/Date(1579654933916)/'}, {'LineNumber': 4, 'Product': {'Guid': 'e57b4130-ca43-429d-9adf-2d88086d8b3d', 'ProductCode': 'CHAIR', 'ProductDescription': 'Lounge Chair'}, 'ShipmentQty': 1.0, 'UnitCost': 489.123, 'CreatedOn': '/Date(1579654933916)/', 'CreatedBy': 'admin', 'LastModifiedBy': 'admin', 'SalesOrderLineNumber': 4, 'SalesOrderLineId': 30, 'SerialNumbers': None, 'BatchNumbers': None, 'Guid': '23751593-601a-43a4-93f3-cf5e18118da5', 'LastModifiedOn': '/Date(1579654933916)/'}]",ee5d9876-b6ca-4bd5-a4b1-a98643e5eabc,2020-01-22 14:02:13.916
100,SO-00000020,cb578fc8-75a9-4f07-b15c-cf98ffa82b77,SS-00000020,Dispatched,2020-01-09 13:00:00,,,,2020-01-09 14:02:13.916,admin,admin,"[{'LineNumber': 1, 'Product': {'Guid': '871bcd30-c636-4fe2-a5a0-734bdf961b6c', 'ProductCode': 'BOOKSHELF', 'ProductDescription': 'Wooden Bookshelf'}, 'ShipmentQty': 1.0, 'UnitCost': 1771.083, 'CreatedOn': '/Date(1578531733916)/', 'CreatedBy': 'admin', 'LastModifiedBy': 'admin', 'SalesOrderLineNumber': 1, 'SalesOrderLineId': 26, 'SerialNumbers': None, 'BatchNumbers': None, 'Guid': 'ce7e9b8f-1ea8-4ccf-8c70-d474af5bf1ab', 'LastModifiedOn': '/Date(1578531733916)/'}]",8407b14e-a777-4ebf-a73c-f5dc2f529a75,2020-01-09 14:02:13.916
101,SO-00000019,40ca5251-8095-437c-8e21-04ed32f27e6a,SS-00000019,Dispatched,2020-01-01 13:00:00,,,,2020-01-01 14:02:13.916,admin,admin,"[{'LineNumber': 1, 'Product': {'Guid': 'b5ba0cae-0e4b-460d-b288-16f0b124c0b8', 'ProductCode': 'NAIL-M', 'ProductDescription': 'Medium Nails'}, 'ShipmentQty': 5.0, 'UnitCost': 9.124, 'CreatedOn': '/Date(1577840533916)/', 'CreatedBy': 'admin', 'LastModifiedBy': 'admin', 'SalesOrderLineNumber': 1, 'SalesOrderLineId': 25, 'SerialNumbers': None, 'BatchNumbers': None, 'Guid': '6966aa8b-b750-408c-9aab-9fdc1c0a1622', 'LastModifiedOn': '/Date(1577840533916)/'}]",be877fcf-f20f-4838-a59f-e775cd8d4679,2020-01-01 14:02:13.916
102,SO-00000018,2c9c7cfe-45a7-493c-9f8a-d20937ae20ba,SS-00000018,Dispatched,2019-12-24 13:00:00,,,,2019-12-24 14:02:13.916,admin,admin,"[{'LineNumber': 1, 'Product': {'Guid': '74e86d55-dab8-4142-9f90-befd18e71b59', 'ProductCode': 'COUCH3', 'ProductDescription': '3-Seater Couch'}, 'ShipmentQty': 4.0, 'UnitCost': 67.8, 'CreatedOn': '/Date(1577149333916)/', 'CreatedBy': 'admin', 'LastModifiedBy': 'admin', 'SalesOrderLineNumber': 1, 'SalesOrderLineId': 24, 'SerialNumbers': None, 'BatchNumbers': None, 'Guid': '8c08dde1-b87e-4851-b68f-7fbda6622d1b', 'LastModifiedOn': '/Date(1577149333916)/'}]",2a2d9ee9-33c8-4896-af2c-9f15cdd077fa,2019-12-24 14:02:13.916
103,SO-00000017,46de3f77-e08a-4a97-af1c-9c1d9330bc33,SS-00000017,Dispatched,2019-12-14 13:00:00,,,,2019-12-14 14:02:13.916,admin,admin,"[{'LineNumber': 1, 'Product': {'Guid': 'e57b4130-ca43-429d-9adf-2d88086d8b3d', 'ProductCode': 'CHAIR', 'ProductDescription': 'Lounge Chair'}, 'ShipmentQty': 1.0, 'UnitCost': 489.123, 'CreatedOn': '/Date(1576285333916)/', 'CreatedBy': 'admin', 'LastModifiedBy': 'admin', 'SalesOrderLineNumber': 1, 'SalesOrderLineId': 23, 'SerialNumbers': None, 'BatchNumbers': None, 'Guid': 'd190d5d8-852f-4ea8-9da2-5b5d67a8bcfa', 'LastModifiedOn': '/Date(1576285333916)/'}]",0ed85689-0a5b-4773-990d-6c33ec6213c3,2019-12-14 14:02:13.916
104,SO-00000016,97fe96cc-b4dd-43de-904d-4c1fe588e08c,SS-00000016,Dispatched,2019-12-09 13:00:00,,,,2019-12-09 14:02:13.916,admin,admin,"[{'LineNumber': 1, 'Product': {'Guid': '7b0eda5d-b873-4cd5-8ca0-0d4d279bfbb8', 'ProductCode': 'DINING', 'ProductDescription': ' Dining Table'}, 'ShipmentQty': 4.0, 'UnitCost': 40.429, 'CreatedOn': '/Date(1575853333916)/', 'CreatedBy': 'admin', 'LastModifiedBy': 'admin', 'SalesOrderLineNumber': 1, 'SalesOrderLineId': 22, 'SerialNumbers': None, 'BatchNumbers': None, 'Guid': '1859d08b-edaa-495d-a7d6-30cbed41d143', 'LastModifiedOn': '/Date(1575853333916)/'}]",f5d229bb-ec00-458b-878c-6aa18b3816d7,2019-12-09 14:02:13.916
105,SO-00000015,912e4bee-7ecd-4021-9af7-6e566596c133,SS-00000015,Dispatched,2019-12-08 13:00:00,,,,2019-12-08 14:02:13.916,admin,admin,"[{'LineNumber': 1, 'Product': {'Guid': '92749139-34bf-44a7-bfb1-e0aff00e137a', 'ProductCode': 'COUCH2', 'ProductDescription': '2-Seater Couch'}, 'ShipmentQty': 15.0, 'UnitCost': 8.5, 'CreatedOn': '/Date(1575766933916)/', 'CreatedBy': 'admin', 'LastModifiedBy': 'admin', 'SalesOrderLineNumber': 2, 'SalesOrderLineId': 21, 'SerialNumbers': None, 'BatchNumbers': None, 'Guid': '35ff3e76-f350-4d00-a31c-6b486ae3d997', 'LastModifiedOn': '/Date(1575766933916)/'}]",844d0173-1283-4e53-bbb7-8d626658d87e,2019-12-08 14:02:13.916
106,SO-00000014,162e2ecc-dd37-429f-9546-977f537ddd3f,SS-00000014,Dispatched,2019-12-02 13:00:00,,,,2019-12-02 14:02:13.916,admin,admin,"[{'LineNumber': 1, 'Product': {'Guid': '74e86d55-dab8-4142-9f90-befd18e71b59', 'ProductCode': 'COUCH3', 'ProductDescription': '3-Seater Couch'}, 'ShipmentQty': 2.0, 'UnitCost': 67.8, 'CreatedOn': '/Date(1575248533916)/', 'CreatedBy': 'admin', 'LastModifiedBy': 'admin', 'SalesOrderLineNumber': 1, 'SalesOrderLineId': 19, 'SerialNumbers': None, 'BatchNumbers': None, 'Guid': 'ae428cb4-66bc-4483-b8c2-1111acc5d788', 'LastModifiedOn': '/Date(1575248533916)/'}]",01335e14-0c94-4b30-ba81-184687155ef9,2019-12-02 14:02:13.916
107,SO-00000013,2c4ac9d5-9872-42a3-8aa1-100e764361b5,SS-00000013,Dispatched,2019-11-23 13:00:00,,,,2019-11-23 14:02:13.916,admin,admin,"[{'LineNumber': 1, 'Product': {'Guid': '5d99ef7e-2439-4b6e-ab60-1137b8d8b5b7', 'ProductCode': 'GLUE', 'ProductDescription': 'Furniture Assembly Glue'}, 'ShipmentQty': 120.0, 'UnitCost': 9.99, 'CreatedOn': '/Date(1574470933916)/', 'CreatedBy': 'admin', 'LastModifiedBy': 'admin', 'SalesOrderLineNumber': 1, 'SalesOrderLineId': 18, 'SerialNumbers': None, 'BatchNumbers': None, 'Guid': 'eb792556-068c-411d-92b8-905bb1cc8541', 'LastModifiedOn': '/Date(1574470933916)/'}]",94e9be1d-c741-41fa-b0d0-6c3016e235b3,2019-11-23 14:02:13.916
108,SO-00000012,97265064-0fa2-44dc-8c46-c6f1a8871b2e,SS-00000012,Dispatched,2019-11-14 13:00:00,,,,2019-11-14 14:02:13.916,admin,admin,"[{'LineNumber': 1, 'Product': {'Guid': '861fd41a-9cbb-49b1-b35f-651867ef6503', 'ProductCode': 'SIDE', 'ProductDescription': 'Bookshelf Side'}, 'ShipmentQty': 1.0, 'UnitCost': 804.39, 'CreatedOn': '/Date(1573693333916)/', 'CreatedBy': 'admin', 'LastModifiedBy': 'admin', 'SalesOrderLineNumber': 1, 'SalesOrderLineId': 17, 'SerialNumbers': None, 'BatchNumbers': None, 'Guid': 'f4dbbb8d-bb95-4883-b2b8-5b6a33fcceae', 'LastModifiedOn': '/Date(1573693333916)/'}]",91695cd4-69d8-453f-acd1-3b4b8600ccba,2019-11-14 14:02:13.916
109,SO-00000011,90a30690-d922-4abd-9489-942681a84793,SS-00000011,Dispatched,2019-11-09 13:00:00,,,,2019-11-09 14:02:13.916,admin,admin,"[{'LineNumber': 1, 'Product': {'Guid': 'c37f950a-4b08-4944-804f-11feea3f99b2', 'ProductCode': 'DININGCHAIR', 'ProductDescription': 'Dining Chair'}, 'ShipmentQty': 1.0, 'UnitCost': 12.454, 'CreatedOn': '/Date(1573261333916)/', 'CreatedBy': 'admin', 'LastModifiedBy': 'admin', 'SalesOrderLineNumber': 1, 'SalesOrderLineId': 15, 'SerialNumbers': None, 'BatchNumbers': None, 'Guid': '71518ddc-3cfd-4535-b378-15afb930eca4', 'LastModifiedOn': '/Date(1573261333916)/'}, {'LineNumber': 2, 'Product': {'Guid': '7b0eda5d-b873-4cd5-8ca0-0d4d279bfbb8', 'ProductCode': 'DINING', 'ProductDescription': ' Dining Table'}, 'ShipmentQty': 1.0, 'UnitCost': 40.429, 'CreatedOn': '/Date(1573261333916)/', 'CreatedBy': 'admin', 'LastModifiedBy': 'admin', 'SalesOrderLineNumber': 2, 'SalesOrderLineId': 16, 'SerialNumbers': None, 'BatchNumbers': None, 'Guid': '56a36269-1324-4e02-8eaa-e5b30e58f08f', 'LastModifiedOn': '/Date(1573261333916)/'}]",ac57e2c2-a0ae-4fa2-b13b-2f1b68f41708,2019-11-09 14:02:13.916
110,SO-00000010,452e0284-5640-4f22-bca4-639c5f71c3e8,SS-00000010,Dispatched,2019-11-02 13:00:00,,,,2019-11-02 14:02:13.916,admin,admin,"[{'LineNumber': 1, 'Product': {'Guid': '344e29ea-e6de-43d3-82b2-7fb7ba6f7783', 'ProductCode': 'NAIL-S', 'ProductDescription': 'Small Nails'}, 'ShipmentQty': 10.0, 'UnitCost': 9.442, 'CreatedOn': '/Date(1572656533916)/', 'CreatedBy': 'admin', 'LastModifiedBy': 'admin', 'SalesOrderLineNumber': 1, 'SalesOrderLineId': 12, 'SerialNumbers': None, 'BatchNumbers': None, 'Guid': '1ec53184-eef1-43f4-93fb-cb1d31ee7b65', 'LastModifiedOn': '/Date(1572656533916)/'}, {'LineNumber': 2, 'Product': {'Guid': 'b5ba0cae-0e4b-460d-b288-16f0b124c0b8', 'ProductCode': 'NAIL-M', 'ProductDescription': 'Medium Nails'}, 'ShipmentQty': 10.0, 'UnitCost': 9.124, 'CreatedOn': '/Date(1572656533916)/', 'CreatedBy': 'admin', 'LastModifiedBy': 'admin', 'SalesOrderLineNumber': 2, 'SalesOrderLineId': 13, 'SerialNumbers': None, 'BatchNumbers': None, 'Guid': '60aa50a9-5982-425f-b141-b90a184d4044', 'LastModifiedOn': '/Date(1572656533916)/'}, {'LineNumber': 3, 'Product': {'Guid': 'd5c1e57d-d905-44b8-a15d-887cbc3b2a4e', 'ProductCode': 'NAIL-L', 'ProductDescription': 'Large Nails'}, 'ShipmentQty': 10.0, 'UnitCost': 9.727, 'CreatedOn': '/Date(1572656533916)/', 'CreatedBy': 'admin', 'LastModifiedBy': 'admin', 'SalesOrderLineNumber': 3, 'SalesOrderLineId': 14, 'SerialNumbers': None, 'BatchNumbers': None, 'Guid': 'ea52049c-d2c0-4d99-a2c5-579dc2ac7526', 'LastModifiedOn': '/Date(1572656533916)/'}]",be022b1c-9a98-4ae0-9d3c-7ecd2e38b27b,2019-11-02 14:02:13.916
111,SO-00000009,6689800b-b185-499c-ac3c-30c5c29ddb5e,SS-00000009,Dispatched,2019-10-26 13:00:00,,,,2019-10-26 14:02:13.916,admin,admin,"[{'LineNumber': 1, 'Product': {'Guid': '92749139-34bf-44a7-bfb1-e0aff00e137a', 'ProductCode': 'COUCH2', 'ProductDescription': '2-Seater Couch'}, 'ShipmentQty': 10.0, 'UnitCost': 8.5, 'CreatedOn': '/Date(1572051733916)/', 'CreatedBy': 'admin', 'LastModifiedBy': 'admin', 'SalesOrderLineNumber': 1, 'SalesOrderLineId': 11, 'SerialNumbers': None, 'BatchNumbers': None, 'Guid': 'c74dbde0-38a7-49d4-b6b5-8446cf5f2918', 'LastModifiedOn': '/Date(1572051733916)/'}]",19f75d71-5fb3-4376-b955-9f724236d7bb,2019-10-26 14:02:13.916
112,SO-00000007,ebc253e2-eda6-4eea-bd13-f96da0dd8dd3,SS-00000007,Dispatched,2019-08-20 12:00:00,,,,2019-08-20 13:02:13.916,admin,admin,"[{'LineNumber': 1, 'Product': {'Guid': 'db69788b-b294-4cd3-9948-558912bbda80', 'ProductCode': 'STAIN', 'ProductDescription': 'Dark Wood Stain'}, 'ShipmentQty': 2.0, 'UnitCost': 80.822, 'CreatedOn': '/Date(1566262933916)/', 'CreatedBy': 'admin', 'LastModifiedBy': 'admin', 'SalesOrderLineNumber': 1, 'SalesOrderLineId': 9, 'SerialNumbers': None, 'BatchNumbers': None, 'Guid': 'dc5d2e0a-0b8e-469c-8b35-dcd1adfff740', 'LastModifiedOn': '/Date(1566262933916)/'}]",02a24424-b816-484e-a255-8756288d4226,2019-08-20 13:02:13.916
113,SO-00000006,f0eae293-1ecd-487d-87c1-66d4c2e664c3,SS-00000006,Dispatched,2019-08-13 12:00:00,,,,2019-08-13 13:02:13.916,admin,admin,"[{'LineNumber': 1, 'Product': {'Guid': '74e86d55-dab8-4142-9f90-befd18e71b59', 'ProductCode': 'COUCH3', 'ProductDescription': '3-Seater Couch'}, 'ShipmentQty': 1.0, 'UnitCost': 67.8, 'CreatedOn': '/Date(1565658133916)/', 'CreatedBy': 'admin', 'LastModifiedBy': 'admin', 'SalesOrderLineNumber': 1, 'SalesOrderLineId': 8, 'SerialNumbers': None, 'BatchNumbers': None, 'Guid': '35036c12-4a0f-4c8e-87bb-c27523751a92', 'LastModifiedOn': '/Date(1565658133916)/'}]",4873d560-deaa-4376-9798-fdd1c5021127,2019-08-13 13:02:13.916
114,SO-00000005,63ee7d1a-882e-494c-adae-a9131bb93d9d,SS-00000005,Dispatched,2019-07-29 12:00:00,,,,2019-07-29 13:02:13.916,admin,admin,"[{'LineNumber': 1, 'Product': {'Guid': 'b5ba0cae-0e4b-460d-b288-16f0b124c0b8', 'ProductCode': 'NAIL-M', 'ProductDescription': 'Medium Nails'}, 'ShipmentQty': 2.0, 'UnitCost': 9.124, 'CreatedOn': '/Date(1564362133916)/', 'CreatedBy': 'admin', 'LastModifiedBy': 'admin', 'SalesOrderLineNumber': 1, 'SalesOrderLineId': 6, 'SerialNumbers': None, 'BatchNumbers': None, 'Guid': '6902a4c0-c875-443c-8fdf-b7db8a446f19', 'LastModifiedOn': '/Date(1564362133916)/'}, {'LineNumber': 2, 'Product': {'Guid': 'e57b4130-ca43-429d-9adf-2d88086d8b3d', 'ProductCode': 'CHAIR', 'ProductDescription': 'Lounge Chair'}, 'ShipmentQty': 1.0, 'UnitCost': 489.123, 'CreatedOn': '/Date(1564362133916)/', 'CreatedBy': 'admin', 'LastModifiedBy': 'admin', 'SalesOrderLineNumber': 2, 'SalesOrderLineId': 7, 'SerialNumbers': None, 'BatchNumbers': None, 'Guid': '06ebc920-5bf1-4b48-8d26-7daf1e4047be', 'LastModifiedOn': '/Date(1564362133916)/'}]",0ac17aef-8a91-4941-bfd4-c66d43cbd433,2019-07-29 13:02:13.916
115,SO-00000004,b40d1f3c-33e3-46aa-b54f-703932b3a025,SS-00000004,Dispatched,2019-07-21 12:00:00,,,,2019-07-21 13:02:13.916,admin,admin,"[{'LineNumber': 1, 'Product': {'Guid': '7b0eda5d-b873-4cd5-8ca0-0d4d279bfbb8', 'ProductCode': 'DINING', 'ProductDescription': ' Dining Table'}, 'ShipmentQty': 1.0, 'UnitCost': 40.429, 'CreatedOn': '/Date(1563670933916)/', 'CreatedBy': 'admin', 'LastModifiedBy': 'admin', 'SalesOrderLineNumber': 1, 'SalesOrderLineId': 5, 'SerialNumbers': None, 'BatchNumbers': None, 'Guid': '977970bd-ccf9-484c-b713-00dea62316b4', 'LastModifiedOn': '/Date(1563670933916)/'}]",99ae8dbf-faa7-4120-b04b-d29175d9ec4b,2019-07-21 13:02:13.916
116,SO-00000003,3108de2a-c5bc-4a5a-926f-ec929a2f0892,SS-00000003,Dispatched,2019-07-08 12:00:00,,,,2019-07-08 13:02:13.916,admin,admin,"[{'LineNumber': 1, 'Product': {'Guid': 'b5ba0cae-0e4b-460d-b288-16f0b124c0b8', 'ProductCode': 'NAIL-M', 'ProductDescription': 'Medium Nails'}, 'ShipmentQty': 2.0, 'UnitCost': 9.124, 'CreatedOn': '/Date(1562547733916)/', 'CreatedBy': 'admin', 'LastModifiedBy': 'admin', 'SalesOrderLineNumber': 1, 'SalesOrderLineId': 4, 'SerialNumbers': None, 'BatchNumbers': None, 'Guid': 'd3fd68da-781b-4a69-923f-36f30f300c08', 'LastModifiedOn': '/Date(1562547733916)/'}]",ee9f17e4-27d5-4c8c-b7b0-b7722a79d54c,2019-07-08 13:02:13.916
117,SO-00000002,9e843d28-ed6e-4dfd-ad4b-e780570e952c,SS-00000002,Dispatched,2019-07-01 12:00:00,,,,2019-07-01 13:02:13.916,admin,admin,"[{'LineNumber': 1, 'Product': {'Guid': '7b0eda5d-b873-4cd5-8ca0-0d4d279bfbb8', 'ProductCode': 'DINING', 'ProductDescription': ' Dining Table'}, 'ShipmentQty': 1.0, 'UnitCost': 40.429, 'CreatedOn': '/Date(1561942933916)/', 'CreatedBy': 'admin', 'LastModifiedBy': 'admin', 'SalesOrderLineNumber': 1, 'SalesOrderLineId': 3, 'SerialNumbers': None, 'BatchNumbers': None, 'Guid': '030786a1-2e15-44cd-9583-7eea4b58c3d9', 'LastModifiedOn': '/Date(1561942933916)/'}]",243d0f42-dfb4-4100-9b16-c8f583bb7537,2019-07-01 13:02:13.916
118,SO-00000001,c5d2d3ee-f174-4786-819b-de133d30c442,SS-00000001,Dispatched,2019-06-26 12:00:00,,,,2019-06-26 13:02:13.916,admin,admin,"[{'LineNumber': 1, 'Product': {'Guid': 'd5c1e57d-d905-44b8-a15d-887cbc3b2a4e', 'ProductCode': 'NAIL-L', 'ProductDescription': 'Large Nails'}, 'ShipmentQty': 1.0, 'UnitCost': 9.727, 'CreatedOn': '/Date(1561510933916)/', 'CreatedBy': 'admin', 'LastModifiedBy': 'admin', 'SalesOrderLineNumber': 1, 'SalesOrderLineId': 1, 'SerialNumbers': None, 'BatchNumbers': None, 'Guid': 'f7d2696c-e286-4482-b725-c340383ff64f', 'LastModifiedOn': '/Date(1561510933916)/'}, {'LineNumber': 2, 'Product': {'Guid': 'c37f950a-4b08-4944-804f-11feea3f99b2', 'ProductCode': 'DININGCHAIR', 'ProductDescription': 'Dining Chair'}, 'ShipmentQty': 1.0, 'UnitCost': 12.454, 'CreatedOn': '/Date(1561510933916)/', 'CreatedBy': 'admin', 'LastModifiedBy': 'admin', 'SalesOrderLineNumber': 2, 'SalesOrderLineId': 2, 'SerialNumbers': None, 'BatchNumbers': None, 'Guid': 'bd02a009-208a-4346-865a-04f473fb50dc', 'LastModifiedOn': '/Date(1561510933916)/'}]",218fd7f5-e1eb-4ff7-bb70-a8f9c0d0bc2b,2019-06-26 13:02:13.916
